1;MAPK1;hsa:5594 hsa:5595;MAP2K2;hsa:5605;http://www.kegg.jp/dbget-bin/www_bget?hsa:5605;PPrel;phosphorylation;hsa04010;MAPK1/MAP2K2;1
1;MAPK1;hsa:5594 hsa:5595;DUSP3;hsa:1845 hsa:5778 hsa:5801 hsa:84867;http://www.kegg.jp/dbget-bin/www_bget?hsa:1845+hsa:5778+hsa:5801+hsa:84867;PPrel;inhibition//dephosphorylation;hsa04010;MAPK1/DUSP3;1
1;MAPK1;hsa:5594 hsa:5595;DUSP10;hsa:11221 hsa:1843 hsa:1844 hsa:1846 hsa:1847 hsa:1848 hsa:1849 hsa:1850 hsa:1852 hsa:80824;http://www.kegg.jp/dbget-bin/www_bget?hsa:11221+hsa:1843+hsa:1844+hsa:1846+hsa:1847+hsa:1848+hsa:1849+hsa:1850+hsa:1852+hsa:80824;PPrel;inhibition//dephosphorylation;hsa04010;MAPK1/DUSP10;1
1;MAPK1;hsa:5594 hsa:5595;PRKCB;hsa:5579;http://www.kegg.jp/dbget-bin/www_bget?hsa:5579;PPrel;activation//phosphorylation;hsa05140;MAPK1/PRKCB;1
1;MAPK1;hsa:5594 hsa:5595;PTK2;hsa:5747;http://www.kegg.jp/dbget-bin/www_bget?hsa:5747;PPrel;activation//indirect effect;hsa04360;MAPK1/PTK2;1
1;MAPK1;hsa:5594 hsa:5595;NOS1;hsa:4842;https://www.kegg.jp/dbget-bin/www_bget?hsa:4842;PPrel§§PPrel;compound§§compound;hsa04713§§hsa04713;MAPK1/NOS1;2
1;MAPK1;hsa:5594 hsa:5595;GNB5;hsa:10681 hsa:2770 hsa:2771 hsa:2773 hsa:2775 hsa:2782 hsa:2783 hsa:2784 hsa:2785 hsa:2786 hsa:2787 hsa:2788 hsa:2790 hsa:2791 hsa:2792 hsa:2793 hsa:51764 hsa:54331 hsa:55970 hsa:59345 hsa:94235;https://www.kegg.jp/dbget-bin/www_bget?hsa:10681+hsa:2770+hsa:2771+hsa:2773+hsa:2775+hsa:2782+hsa:2783+hsa:2784+hsa:2785+hsa:2786+hsa:2787+hsa:2788+hsa:2790+hsa:2791+hsa:2792+hsa:2793+hsa:51764+hsa:54331+hsa:55970+hsa:59345+hsa:94235;PPrel§§PPrel;activation//indirect effect§§activation//indirect effect;hsa04713§§hsa04713;MAPK1/GNB5;2
1;MAPK1;hsa:5594 hsa:5595;RIPK2;hsa:8767;http://www.kegg.jp/dbget-bin/www_bget?hsa:8767;PPrel;activation//indirect effect;hsa05152;MAPK1/RIPK2;1
1;MAPK1;hsa:5594 hsa:5595;GNAI1;hsa:2770 hsa:2771 hsa:2773;https://www.kegg.jp/dbget-bin/www_bget?hsa:2770+hsa:2771+hsa:2773;PPrel§§PPrel;activation§§activation//phosphorylation//indirect effect;hsa04261§§hsa05133;MAPK1/GNAI1;2
1;MAPK1;hsa:5594 hsa:5595;MAPK14;hsa:1432 hsa:5600 hsa:5603 hsa:6300;https://www.kegg.jp/dbget-bin/www_bget?hsa:1432+hsa:5600+hsa:5603+hsa:6300;PPrel§§PPrel;activation§§activation;hsa04917§§hsa04611;MAPK1/MAPK14;2
1;MAPK1;hsa:5594 hsa:5595;IQGAP1;hsa:8826;http://www.kegg.jp/dbget-bin/www_bget?hsa:8826;PPrel;activation;hsa05205;MAPK1/IQGAP1;1
1;MAPK1;hsa:5594 hsa:5595;SDC1;hsa:6382;http://www.kegg.jp/dbget-bin/www_bget?hsa:6382;PPrel;activation//phosphorylation//indirect effect;hsa05205;MAPK1/SDC1;1
1;MAPK1;hsa:5594 hsa:5595;ARAF;hsa:369 hsa:5894 hsa:673;http://www.kegg.jp/dbget-bin/www_bget?hsa:369+hsa:5894+hsa:673;PPrel;activation//phosphorylation//indirect effect;hsa05205;MAPK1/ARAF;1
1;MAPK1;hsa:5594 hsa:5595;RRAS2;hsa:22800 hsa:22808 hsa:3265 hsa:3845 hsa:4893 hsa:6237;http://www.kegg.jp/dbget-bin/www_bget?hsa:22800+hsa:22808+hsa:3265+hsa:3845+hsa:4893+hsa:6237;PPrel;activation//phosphorylation//indirect effect;hsa05205;MAPK1/RRAS2;1
1;MAPK1;hsa:5594 hsa:5595;FGFR1;hsa:2260;http://www.kegg.jp/dbget-bin/www_bget?hsa:2260;PPrel;activation//phosphorylation//indirect effect;hsa05205;MAPK1/FGFR1;1
1;MAPK1;hsa:5594 hsa:5595;IGF1R;hsa:3480;http://www.kegg.jp/dbget-bin/www_bget?hsa:3480;PPrel;activation//phosphorylation//indirect effect;hsa05205;MAPK1/IGF1R;1
1;MAPK1;hsa:5594 hsa:5595;INSR;hsa:3643;http://www.kegg.jp/dbget-bin/www_bget?hsa:3643;PPrel;indirect effect;hsa04930;MAPK1/INSR;1
1;MAPK1;hsa:5594 hsa:5595;PRKACA;hsa:5566 hsa:5567 hsa:5568;https://www.kegg.jp/dbget-bin/www_bget?hsa:5566+hsa:5567+hsa:5568;PPrel§§PPrel;activation//indirect effect§§activation;hsa04725§§hsa04720;MAPK1/PRKACA;2
1;MAPK1;hsa:5594 hsa:5595;CAMK4;hsa:814 hsa:815 hsa:816 hsa:817 hsa:818;http://www.kegg.jp/dbget-bin/www_bget?hsa:814+hsa:815+hsa:816+hsa:817+hsa:818;PPrel;activation//indirect effect;hsa04725;MAPK1/CAMK4;1
1;MAPK1;hsa:5594 hsa:5595;DUSP1;hsa:1843;http://www.kegg.jp/dbget-bin/www_bget?hsa:1843;PPrel;inhibition//dephosphorylation;hsa04726;MAPK1/DUSP1;1
1;MAPK1;hsa:5594 hsa:5595;PRKCD;hsa:5580;http://www.kegg.jp/dbget-bin/www_bget?hsa:5580;PPrel;activation;hsa04625;MAPK1/PRKCD;1
1;MAPK1;hsa:5594 hsa:5595;TLR4;hsa:7099;http://www.kegg.jp/dbget-bin/www_bget?hsa:7099;PPrel;activation//phosphorylation//indirect effect;hsa05133;MAPK1/TLR4;1
1;MAPK1;hsa:5594 hsa:5595;ARRB1;hsa:408 hsa:409;https://www.kegg.jp/dbget-bin/www_bget?hsa:408+hsa:409;PPrel§§PPrel;None§§None;hsa04929§§hsa04929;MAPK1/ARRB1;2
1;MAPK1;hsa:5594 hsa:5595;PTPN11;hsa:5781;http://www.kegg.jp/dbget-bin/www_bget?hsa:5781;PPrel;indirect effect;hsa05211;MAPK1/PTPN11;1
1;MAPK1;hsa:5594 hsa:5595;PRKCZ;hsa:5590;http://www.kegg.jp/dbget-bin/www_bget?hsa:5590;PPrel;activation;hsa04062;MAPK1/PRKCZ;1
1;MAPK1;hsa:5594 hsa:5595;PTPN6;hsa:5777 hsa:5781;https://www.kegg.jp/dbget-bin/www_bget?hsa:5777+hsa:5781;PPrel§§PPrel;inhibition//dephosphorylation§§inhibition//dephosphorylation;hsa05235§§hsa05140;MAPK1/PTPN6;2
1;MAPK1;hsa:5594 hsa:5595;MAP2K1;hsa:5604 hsa:5605;https://www.kegg.jp/dbget-bin/www_bget?hsa:5604+hsa:5605;PPrel§§PPrel§§PPrel§§PPrel§§PPrel§§PPrel§§PPrel§§PPrel§§PPrel§§PPrel§§PPrel§§PPrel§§PPrel§§PPrel§§PPrel§§PPrel§§PPrel§§PPrel§§PPrel§§PPrel§§PPrel§§PPrel§§PPrel§§PPrel§§PPrel§§PPrel§§PPrel§§PPrel§§PPrel§§PPrel§§PPrel§§PPrel§§PPrel§§PPrel§§PPrel§§PPrel§§PPrel§§PPrel§§PPrel§§PPrel§§PPrel§§PPrel§§PPrel§§PPrel§§PPrel§§PPrel§§PPrel§§PPrel§§PPrel§§PPrel§§PPrel§§PPrel§§PPrel§§PPrel§§PPrel§§PPrel§§PPrel§§PPrel§§PPrel§§PPrel§§PPrel§§PPrel§§PPrel§§PPrel§§PPrel§§PPrel§§PPrel§§PPrel§§PPrel§§PPrel§§PPrel§§PPrel§§PPrel§§PPrel§§PPrel§§PPrel§§PPrel§§PPrel§§PPrel§§PPrel§§PPrel§§PPrel§§PPrel§§PPrel§§PPrel§§PPrel§§PPrel§§PPrel§§PPrel§§PPrel§§PPrel§§PPrel§§PPrel§§PPrel§§PPrel§§PPrel§§PPrel§§PPrel;activation//phosphorylation§§activation§§activation§§activation//phosphorylation§§activation//phosphorylation§§activation//phosphorylation§§activation//phosphorylation§§activation//phosphorylation§§activation//phosphorylation§§activation//phosphorylation§§activation//phosphorylation§§activation//phosphorylation§§activation//phosphorylation§§activation//phosphorylation§§activation//phosphorylation§§activation//phosphorylation§§activation//phosphorylation§§activation//phosphorylation§§activation//phosphorylation§§activation//phosphorylation§§activation//phosphorylation§§activation//phosphorylation§§activation//phosphorylation§§phosphorylation§§activation//phosphorylation§§activation//phosphorylation§§activation//phosphorylation§§activation//phosphorylation§§activation//phosphorylation§§activation//phosphorylation§§activation//phosphorylation§§activation//phosphorylation§§activation//phosphorylation§§activation//phosphorylation§§activation//phosphorylation§§activation//phosphorylation§§phosphorylation§§activation//phosphorylation§§activation//phosphorylation§§activation§§activation§§activation//phosphorylation§§phosphorylation§§activation//phosphorylation§§activation//phosphorylation§§activation//phosphorylation§§phosphorylation§§activation//phosphorylation§§activation§§activation//phosphorylation§§phosphorylation§§activation//phosphorylation§§activation//phosphorylation§§activation//phosphorylation§§activation//phosphorylation§§activation//phosphorylation§§activation//phosphorylation§§activation//phosphorylation§§activation//phosphorylation§§activation//phosphorylation§§activation//phosphorylation§§activation//phosphorylation§§activation//phosphorylation§§activation//phosphorylation§§activation//phosphorylation§§activation//phosphorylation§§activation//phosphorylation§§activation//phosphorylation§§activation§§activation//phosphorylation§§phosphorylation§§activation//phosphorylation§§activation//phosphorylation§§activation//phosphorylation§§activation//phosphorylation§§activation//phosphorylation§§activation//phosphorylation§§activation//phosphorylation§§activation//phosphorylation§§None§§activation§§activation§§activation//phosphorylation§§activation//phosphorylation§§activation//phosphorylation§§activation//phosphorylation§§activation//phosphorylation§§activation//phosphorylation§§activation//phosphorylation§§activation//phosphorylation§§activation//phosphorylation§§activation//phosphorylation§§activation//phosphorylation§§activation//phosphorylation§§activation//phosphorylation§§activation//phosphorylation§§activation//phosphorylation§§activation//phosphorylation;hsa05215§§hsa05166§§hsa04730§§hsa04270§§hsa05010§§hsa04666§§hsa04371§§hsa04218§§hsa05216§§hsa05135§§hsa05235§§hsa05216§§hsa04150§§hsa04210§§hsa04722§§hsa05235§§hsa05219§§hsa04550§§hsa04934§§hsa04072§§hsa05235§§hsa05132§§hsa05163§§hsa04620§§hsa04660§§hsa04140§§hsa04910§§hsa05212§§hsa01521§§hsa04114§§hsa04935§§hsa05230§§hsa05220§§hsa04012§§hsa05226§§hsa05226§§hsa04668§§hsa04024§§hsa04015§§hsa04066§§hsa04540§§hsa05210§§hsa05210§§hsa04916§§hsa05200§§hsa05221§§hsa04810§§hsa05218§§hsa04720§§hsa04062§§hsa04010§§hsa05211§§hsa05231§§hsa01522§§hsa05170§§hsa04917§§hsa04650§§hsa05165§§hsa04151§§hsa04014§§hsa04914§§hsa05164§§hsa04022§§hsa05034§§hsa04662§§hsa05225§§hsa05225§§hsa05223§§hsa05020§§hsa04370§§hsa04510§§hsa04912§§hsa04068§§hsa04664§§hsa05034§§hsa04071§§hsa04921§§hsa05205§§hsa04550§§hsa04929§§hsa04915§§hsa04915§§hsa05161§§hsa05161§§hsa05167§§hsa05214§§hsa04926§§hsa04926§§hsa05224§§hsa05224§§hsa05214§§hsa04928§§hsa05213§§hsa05224§§hsa04919§§hsa05160§§hsa04725§§hsa04726;MAPK1/MAP2K1;98
1;MAPK1;hsa:5594 hsa:5595;EGFR;hsa:1956 hsa:2064;https://www.kegg.jp/dbget-bin/www_bget?hsa:1956+hsa:2064;PPrel§§PPrel§§PPrel§§PPrel§§PPrel§§PPrel;activation//indirect effect§§activation//indirect effect§§indirect effect§§activation//phosphorylation//indirect effect§§activation//indirect effect§§activation//indirect effect;hsa04934§§hsa04928§§hsa04520§§hsa05205§§hsa05205§§hsa04921;MAPK1/EGFR;6
1;MAPK1;hsa:5594 hsa:5595;DAPK1;hsa:1612 hsa:1613 hsa:23604;https://www.kegg.jp/dbget-bin/www_bget?hsa:1612+hsa:1613+hsa:23604;PPrel§§PPrel;missing interaction§§missing interaction;hsa05219§§hsa05200;MAPK1/DAPK1;2
1;MAPK1;hsa:5594 hsa:5595;MIR10A;hsa:406902 hsa:406903;http://www.kegg.jp/dbget-bin/www_bget?hsa:406902+hsa:406903;PPrel;inhibition;hsa05206;MAPK1/MIR10A;1
1;MAPK1;hsa:5594 hsa:5595;MIR23A;hsa:407010;http://www.kegg.jp/dbget-bin/www_bget?hsa:407010;PPrel;inhibition;hsa05206;MAPK1/MIR23A;1
1;MAPK1;hsa:5594 hsa:5595;MIR195;hsa:406971;http://www.kegg.jp/dbget-bin/www_bget?hsa:406971;PPrel;inhibition;hsa05206;MAPK1/MIR195;1
1;MAPK1;hsa:5594 hsa:5595;MAP2K3;hsa:5606 hsa:5608;http://www.kegg.jp/dbget-bin/www_bget?hsa:5606+hsa:5608;PPrel;activation//phosphorylation;hsa05132;MAPK1/MAP2K3;1
1;MAPK1;hsa:5594 hsa:5595;AKT3;hsa:10000 hsa:207 hsa:208;http://www.kegg.jp/dbget-bin/www_bget?hsa:10000+hsa:207+hsa:208;PPrel;activation//phosphorylation;hsa04371;MAPK1/AKT3;1
1;MAPK1;hsa:5594 hsa:5595;PPP2CA;hsa:5515 hsa:5516 hsa:5518 hsa:5519;http://www.kegg.jp/dbget-bin/www_bget?hsa:5515+hsa:5516+hsa:5518+hsa:5519;PPrel;inhibition;hsa04730;MAPK1/PPP2CA;1
1;MAPK1;hsa:5594 hsa:5595;GRB2;hsa:2885;http://www.kegg.jp/dbget-bin/www_bget?hsa:2885;PPrel;activation//indirect effect;hsa04380;MAPK1/GRB2;1
1;MAPK1;hsa:5594 hsa:5595;CAMK2A;hsa:815 hsa:816 hsa:817 hsa:818;https://www.kegg.jp/dbget-bin/www_bget?hsa:815+hsa:816+hsa:817+hsa:818;PPrel§§PPrel;indirect effect§§activation//indirect effect;hsa04720§§hsa04713;MAPK1/CAMK2A;2
1;MAPK1;hsa:5594 hsa:5595;PRKCA;hsa:5578 hsa:5579 hsa:5580 hsa:5581 hsa:5582 hsa:5590;https://www.kegg.jp/dbget-bin/www_bget?hsa:5578+hsa:5579+hsa:5580+hsa:5581+hsa:5582+hsa:5590;PCrel§§PPrel§§PPrel§§PPrel;activation§§activation//phosphorylation//indirect effect§§activation§§activation//indirect effect;hsa04724§§hsa04933§§hsa04261§§hsa04919;MAPK1/PRKCA;4
1;MAPK1;hsa:5594 hsa:5595;LAT;hsa:27040;http://www.kegg.jp/dbget-bin/www_bget?hsa:27040;PPrel;activation//indirect effect;hsa04659;MAPK1/LAT;1
1;MAPK1;hsa:5594 hsa:5595;TRAF6;hsa:7189;https://www.kegg.jp/dbget-bin/www_bget?hsa:7189;PPrel§§PPrel;activation//phosphorylation//indirect effect§§activation//indirect effect;hsa05142§§hsa05152;MAPK1/TRAF6;2
1;MAPK1;hsa:5594 hsa:5595;MAP3K7;hsa:6885;https://www.kegg.jp/dbget-bin/www_bget?hsa:6885;PPrel§§PPrel;activation//phosphorylation//indirect effect§§activation//phosphorylation;hsa05145§§hsa04621;MAPK1/MAP3K7;2
1;MAPK1;hsa:5594 hsa:5595;ERBB2;hsa:2064;http://www.kegg.jp/dbget-bin/www_bget?hsa:2064;PPrel;activation//indirect effect;hsa01524;MAPK1/ERBB2;1
1;MAPK1;hsa:5594 hsa:5595;HRAS;hsa:3265 hsa:3845 hsa:4893;https://www.kegg.jp/dbget-bin/www_bget?hsa:3265+hsa:3845+hsa:4893;PPrel§§PPrel;activation//indirect effect§§activation//indirect effect;hsa04933§§hsa04360;MAPK1/HRAS;2
1;MAPK1;hsa:5594 hsa:5595;DUSP9;hsa:1852;http://www.kegg.jp/dbget-bin/www_bget?hsa:1852;PPrel;inhibition;hsa04550;MAPK1/DUSP9;1
1;MAPK1;hsa:5594 hsa:5595;BMPR1A;hsa:657 hsa:658 hsa:659 hsa:90;http://www.kegg.jp/dbget-bin/www_bget?hsa:657+hsa:658+hsa:659+hsa:90;PPrel;inhibition//indirect effect;hsa04550;MAPK1/BMPR1A;1
2;PRKCB;hsa:5579;FCGR1A;hsa:2209 hsa:2212 hsa:2214 hsa:2215 hsa:9103;https://www.kegg.jp/dbget-bin/www_bget?hsa:2209+hsa:2212+hsa:2214+hsa:2215+hsa:9103;ECrel;compound//activation//indirect effect;hsa05140;MAPK1/PRKCB/FCGR1A;1
2;PRKCB;hsa:5579;PLCG2;hsa:5336;http://www.kegg.jp/dbget-bin/www_bget?hsa:5336;PPrel;compound;hsa04662;MAPK1/PRKCB/PLCG2;1
2;PRKCB;hsa:5579;AGER;hsa:177;https://www.kegg.jp/dbget-bin/www_bget?hsa:177;PPrel;activation//indirect effect;hsa04933;MAPK1/PRKCB/AGER;1
2;PTK2;hsa:5747;SRC;hsa:6714;https://www.kegg.jp/dbget-bin/www_bget?hsa:6714;PPrel§§PPrel§§PPrel§§PPrel;activation//phosphorylation§§activation//phosphorylation§§activation§§activation;hsa05418§§hsa04012§§hsa05100§§hsa05205;MAPK1/PTK2/SRC;4
2;PTK2;hsa:5747;FGR;hsa:2268 hsa:3055 hsa:4067 hsa:6714;http://www.kegg.jp/dbget-bin/www_bget?hsa:2268+hsa:3055+hsa:4067+hsa:6714;PPrel;activation//phosphorylation;hsa04062;MAPK1/PTK2/FGR;1
2;PTK2;hsa:5747;PIK3CA;hsa:5290 hsa:5291 hsa:5293 hsa:5295 hsa:5296 hsa:8503;https://www.kegg.jp/dbget-bin/www_bget?hsa:5290+hsa:5291+hsa:5293+hsa:5295+hsa:5296+hsa:8503;PPrel§§PPrel;activation//phosphorylation§§activation;hsa04062§§hsa05170;MAPK1/PTK2/PIK3CA;2
2;PTK2;hsa:5747;PIK3R6;hsa:146850 hsa:23533 hsa:5294;https://www.kegg.jp/dbget-bin/www_bget?hsa:146850+hsa:23533+hsa:5294;PPrel;None;hsa04062;MAPK1/PTK2/PIK3R6;1
2;PTK2;hsa:5747;ITGB1;hsa:3688 hsa:3690 hsa:3691 hsa:3693 hsa:3694 hsa:3695 hsa:3696;https://www.kegg.jp/dbget-bin/www_bget?hsa:3688+hsa:3690+hsa:3691+hsa:3693+hsa:3694+hsa:3695+hsa:3696;PPrel§§PPrel§§PPrel;activation§§activation§§activation//indirect effect;hsa04510§§hsa05131§§hsa04360;MAPK1/PTK2/ITGB1;3
2;PTK2;hsa:5747;EGFR;hsa:1956 hsa:2064 hsa:2321 hsa:2324 hsa:3480 hsa:3791 hsa:4233 hsa:5156 hsa:5159;https://www.kegg.jp/dbget-bin/www_bget?hsa:1956+hsa:2064+hsa:2321+hsa:2324+hsa:3480+hsa:3791+hsa:4233+hsa:5156+hsa:5159;PPrel;activation;hsa04510;MAPK1/PTK2/EGFR;1
2;PTK2;hsa:5747;PTEN;hsa:5728;http://www.kegg.jp/dbget-bin/www_bget?hsa:5728;PPrel;inhibition//dephosphorylation;hsa04510;MAPK1/PTK2/PTEN;1
2;PTK2;hsa:5747;PRKCA;hsa:5578 hsa:5579 hsa:5582;https://www.kegg.jp/dbget-bin/www_bget?hsa:5578+hsa:5579+hsa:5582;PPrel§§PPrel;activation//phosphorylation§§indirect effect;hsa04510§§hsa04670;MAPK1/PTK2/PRKCA;2
2;PTK2;hsa:5747;GPER1;hsa:2852;http://www.kegg.jp/dbget-bin/www_bget?hsa:2852;PPrel;binding/association;hsa01522;MAPK1/PTK2/GPER1;1
2;PTK2;hsa:5747;NEO1;hsa:4756;http://www.kegg.jp/dbget-bin/www_bget?hsa:4756;PPrel;activation;hsa04360;MAPK1/PTK2/NEO1;1
2;PTK2;hsa:5747;NCK2;hsa:8440;http://www.kegg.jp/dbget-bin/www_bget?hsa:8440;PPrel;activation;hsa04360;MAPK1/PTK2/NCK2;1
2;PTK2;hsa:5747;SDC4;hsa:6385;http://www.kegg.jp/dbget-bin/www_bget?hsa:6385;PPrel;activation;hsa05205;MAPK1/PTK2/SDC4;1
2;PTK2;hsa:5747;PRKACA;hsa:5566 hsa:5567 hsa:5568;https://www.kegg.jp/dbget-bin/www_bget?hsa:5566+hsa:5567+hsa:5568;PPrel;activation//phosphorylation;hsa05205;MAPK1/PTK2/PRKACA;1
2;PTK2;hsa:5747;KDR;hsa:3791;http://www.kegg.jp/dbget-bin/www_bget?hsa:3791;PPrel;activation;hsa04370;MAPK1/PTK2/KDR;1
2;PTK2;hsa:5747;RHOA;hsa:387;http://www.kegg.jp/dbget-bin/www_bget?hsa:387;PPrel;indirect effect;hsa04670;MAPK1/PTK2/RHOA;1
2;PTK2;hsa:5747;JAK2;hsa:3717;https://www.kegg.jp/dbget-bin/www_bget?hsa:3717;PPrel;activation;hsa04935;MAPK1/PTK2/JAK2;1
2;NOS1;hsa:4842;MAPK1;hsa:5594 hsa:5595;https://www.kegg.jp/dbget-bin/www_bget?hsa:5594+hsa:5595;GErel;expression//indirect effect;hsa04926;MAPK1/NOS1/MAPK1;2
2;NOS1;hsa:4842;CACNA1I;hsa:8911 hsa:8912 hsa:8913;http://www.kegg.jp/dbget-bin/www_bget?hsa:8911+hsa:8912+hsa:8913;PPrel;compound;hsa04713;MAPK1/NOS1/CACNA1I;2
2;NOS1;hsa:4842;ITPR1;hsa:3708 hsa:3710;https://www.kegg.jp/dbget-bin/www_bget?hsa:3708+hsa:3710;PPrel;compound;hsa04713;MAPK1/NOS1/ITPR1;2
2;NOS1;hsa:4842;RYR1;hsa:6261 hsa:6262 hsa:6263;http://www.kegg.jp/dbget-bin/www_bget?hsa:6261+hsa:6262+hsa:6263;PPrel;compound;hsa04713;MAPK1/NOS1/RYR1;2
2;NOS1;hsa:4842;GRIN1;hsa:2902 hsa:2903 hsa:2904 hsa:2905 hsa:2906;https://www.kegg.jp/dbget-bin/www_bget?hsa:2902+hsa:2903+hsa:2904+hsa:2905+hsa:2906;PPrel§§PPrel;compound§§compound;hsa04713§§hsa04713;MAPK1/NOS1/GRIN1;4
2;NOS1;hsa:4842;CACNA1C;hsa:775 hsa:776;http://www.kegg.jp/dbget-bin/www_bget?hsa:775+hsa:776;PPrel;compound;hsa04713;MAPK1/NOS1/CACNA1C;2
2;NOS1;hsa:4842;CAMK2A;hsa:815 hsa:816 hsa:817 hsa:818;https://www.kegg.jp/dbget-bin/www_bget?hsa:815+hsa:816+hsa:817+hsa:818;PPrel§§PPrel;activation//phosphorylation§§activation//phosphorylation;hsa04713§§hsa04713;MAPK1/NOS1/CAMK2A;4
2;NOS1;hsa:4842;CALML6;hsa:163688 hsa:51806 hsa:801 hsa:805 hsa:808 hsa:810 hsa:91860;https://www.kegg.jp/dbget-bin/www_bget?hsa:163688+hsa:51806+hsa:801+hsa:805+hsa:808+hsa:810+hsa:91860;PPrel;activation;hsa04970;MAPK1/NOS1/CALML6;2
2;GNB5;hsa:10681 hsa:2770 hsa:2771 hsa:2773 hsa:2775 hsa:2782 hsa:2783 hsa:2784 hsa:2785 hsa:2786 hsa:2787 hsa:2788 hsa:2790 hsa:2791 hsa:2792 hsa:2793 hsa:51764 hsa:54331 hsa:55970 hsa:59345 hsa:94235;DRD3;hsa:1814 hsa:1815;http://www.kegg.jp/dbget-bin/www_bget?hsa:1814+hsa:1815;PPrel;activation;hsa04728;MAPK1/GNB5/DRD3;2
2;GNB5;hsa:10681 hsa:2770 hsa:2771 hsa:2773 hsa:2775 hsa:2782 hsa:2783 hsa:2784 hsa:2785 hsa:2786 hsa:2787 hsa:2788 hsa:2790 hsa:2791 hsa:2792 hsa:2793 hsa:51764 hsa:54331 hsa:55970 hsa:59345 hsa:94235;DRD2;hsa:1813;https://www.kegg.jp/dbget-bin/www_bget?hsa:1813;PPrel§§PPrel;activation§§activation;hsa04728§§hsa05034;MAPK1/GNB5/DRD2;4
2;GNB5;hsa:10681 hsa:2770 hsa:2771 hsa:2773 hsa:2775 hsa:2782 hsa:2783 hsa:2784 hsa:2785 hsa:2786 hsa:2787 hsa:2788 hsa:2790 hsa:2791 hsa:2792 hsa:2793 hsa:51764 hsa:54331 hsa:55970 hsa:59345 hsa:94235;CNR1;hsa:1268;https://www.kegg.jp/dbget-bin/www_bget?hsa:1268;PPrel§§PPrel§§PPrel;activation§§activation§§None;hsa04723§§hsa04723§§hsa04723;MAPK1/GNB5/CNR1;6
2;GNB5;hsa:10681 hsa:2770 hsa:2771 hsa:2773 hsa:2775 hsa:2782 hsa:2783 hsa:2784 hsa:2785 hsa:2786 hsa:2787 hsa:2788 hsa:2790 hsa:2791 hsa:2792 hsa:2793 hsa:51764 hsa:54331 hsa:55970 hsa:59345 hsa:94235;OPRM1;hsa:4988;https://www.kegg.jp/dbget-bin/www_bget?hsa:4988;PPrel§§PPrel;activation§§activation;hsa05032§§hsa05032;MAPK1/GNB5/OPRM1;4
2;GNB5;hsa:10681 hsa:2770 hsa:2771 hsa:2773 hsa:2775 hsa:2782 hsa:2783 hsa:2784 hsa:2785 hsa:2786 hsa:2787 hsa:2788 hsa:2790 hsa:2791 hsa:2792 hsa:2793 hsa:51764 hsa:54331 hsa:55970 hsa:59345 hsa:94235;GABBR1;hsa:2550 hsa:9568;https://www.kegg.jp/dbget-bin/www_bget?hsa:2550+hsa:9568;PPrel§§PPrel§§PPrel§§PPrel§§PPrel;activation§§activation§§activation§§activation§§activation;hsa05032§§hsa04727§§hsa04727§§hsa05032§§hsa05032;MAPK1/GNB5/GABBR1;10
2;GNB5;hsa:10681 hsa:2770 hsa:2771 hsa:2773 hsa:2775 hsa:2782 hsa:2783 hsa:2784 hsa:2785 hsa:2786 hsa:2787 hsa:2788 hsa:2790 hsa:2791 hsa:2792 hsa:2793 hsa:51764 hsa:54331 hsa:55970 hsa:59345 hsa:94235;PRKACA;hsa:5566 hsa:5567 hsa:5568;https://www.kegg.jp/dbget-bin/www_bget?hsa:5566+hsa:5567+hsa:5568;PPrel;activation//phosphorylation;hsa05032;MAPK1/GNB5/PRKACA;2
2;GNB5;hsa:10681 hsa:2770 hsa:2771 hsa:2773 hsa:2775 hsa:2782 hsa:2783 hsa:2784 hsa:2785 hsa:2786 hsa:2787 hsa:2788 hsa:2790 hsa:2791 hsa:2792 hsa:2793 hsa:51764 hsa:54331 hsa:55970 hsa:59345 hsa:94235;PRKCA;hsa:5578 hsa:5579 hsa:5582;https://www.kegg.jp/dbget-bin/www_bget?hsa:5578+hsa:5579+hsa:5582;PPrel;activation//phosphorylation;hsa05032;MAPK1/GNB5/PRKCA;2
2;GNB5;hsa:10681 hsa:2770 hsa:2771 hsa:2773 hsa:2775 hsa:2782 hsa:2783 hsa:2784 hsa:2785 hsa:2786 hsa:2787 hsa:2788 hsa:2790 hsa:2791 hsa:2792 hsa:2793 hsa:51764 hsa:54331 hsa:55970 hsa:59345 hsa:94235;RASD1;hsa:51655;https://www.kegg.jp/dbget-bin/www_bget?hsa:51655;PPrel;activation;hsa04713;MAPK1/GNB5/RASD1;2
2;GNB5;hsa:10681 hsa:2770 hsa:2771 hsa:2773 hsa:2775 hsa:2782 hsa:2783 hsa:2784 hsa:2785 hsa:2786 hsa:2787 hsa:2788 hsa:2790 hsa:2791 hsa:2792 hsa:2793 hsa:51764 hsa:54331 hsa:55970 hsa:59345 hsa:94235;HTR1A;hsa:3350 hsa:3351 hsa:3352 hsa:3354 hsa:3355;http://www.kegg.jp/dbget-bin/www_bget?hsa:3350+hsa:3351+hsa:3352+hsa:3354+hsa:3355;PPrel;activation;hsa04726;MAPK1/GNB5/HTR1A;2
2;GNB5;hsa:10681 hsa:2770 hsa:2771 hsa:2773 hsa:2775 hsa:2782 hsa:2783 hsa:2784 hsa:2785 hsa:2786 hsa:2787 hsa:2788 hsa:2790 hsa:2791 hsa:2792 hsa:2793 hsa:51764 hsa:54331 hsa:55970 hsa:59345 hsa:94235;HTR5A;hsa:3361;http://www.kegg.jp/dbget-bin/www_bget?hsa:3361;PPrel;activation;hsa04726;MAPK1/GNB5/HTR5A;2
2;GNB5;hsa:10681 hsa:2770 hsa:2771 hsa:2773 hsa:2775 hsa:2782 hsa:2783 hsa:2784 hsa:2785 hsa:2786 hsa:2787 hsa:2788 hsa:2790 hsa:2791 hsa:2792 hsa:2793 hsa:51764 hsa:54331 hsa:55970 hsa:59345 hsa:94235;CHRM4;hsa:1132;https://www.kegg.jp/dbget-bin/www_bget?hsa:1132;PPrel§§PPrel;activation§§activation;hsa04725§§hsa04725;MAPK1/GNB5/CHRM4;4
2;GNB5;hsa:10681 hsa:2770 hsa:2771 hsa:2773 hsa:2775 hsa:2782 hsa:2783 hsa:2784 hsa:2785 hsa:2786 hsa:2787 hsa:2788 hsa:2790 hsa:2791 hsa:2792 hsa:2793 hsa:51764 hsa:54331 hsa:55970 hsa:59345 hsa:94235;CHRM2;hsa:1129;https://www.kegg.jp/dbget-bin/www_bget?hsa:1129;PPrel§§PPrel;activation§§activation;hsa04725§§hsa04725;MAPK1/GNB5/CHRM2;4
2;GNB5;hsa:10681 hsa:2770 hsa:2771 hsa:2773 hsa:2775 hsa:2782 hsa:2783 hsa:2784 hsa:2785 hsa:2786 hsa:2787 hsa:2788 hsa:2790 hsa:2791 hsa:2792 hsa:2793 hsa:51764 hsa:54331 hsa:55970 hsa:59345 hsa:94235;GRM2;hsa:2912 hsa:2913;https://www.kegg.jp/dbget-bin/www_bget?hsa:2912+hsa:2913;PCrel;activation;hsa04724;MAPK1/GNB5/GRM2;2
2;GNB5;hsa:10681 hsa:2770 hsa:2771 hsa:2773 hsa:2775 hsa:2782 hsa:2783 hsa:2784 hsa:2785 hsa:2786 hsa:2787 hsa:2788 hsa:2790 hsa:2791 hsa:2792 hsa:2793 hsa:51764 hsa:54331 hsa:55970 hsa:59345 hsa:94235;GRM4;hsa:2914 hsa:2918;http://www.kegg.jp/dbget-bin/www_bget?hsa:2914+hsa:2918;PCrel;activation;hsa04724;MAPK1/GNB5/GRM4;2
2;GNB5;hsa:10681 hsa:2770 hsa:2771 hsa:2773 hsa:2775 hsa:2782 hsa:2783 hsa:2784 hsa:2785 hsa:2786 hsa:2787 hsa:2788 hsa:2790 hsa:2791 hsa:2792 hsa:2793 hsa:51764 hsa:54331 hsa:55970 hsa:59345 hsa:94235;GRM7;hsa:2917;http://www.kegg.jp/dbget-bin/www_bget?hsa:2917;PCrel;activation;hsa04724;MAPK1/GNB5/GRM7;2
2;RIPK2;hsa:8767;NGFR;hsa:4804;https://www.kegg.jp/dbget-bin/www_bget?hsa:4804;PPrel;binding/association;hsa04722;MAPK1/RIPK2/NGFR;1
2;RIPK2;hsa:8767;HSP90AA1;hsa:3320 hsa:3326 hsa:7184;http://www.kegg.jp/dbget-bin/www_bget?hsa:3320+hsa:3326+hsa:7184;PPrel;activation;hsa05132;MAPK1/RIPK2/HSP90AA1;1
2;RIPK2;hsa:8767;RBCK1;hsa:10616 hsa:55072 hsa:81858;http://www.kegg.jp/dbget-bin/www_bget?hsa:10616+hsa:55072+hsa:81858;PPrel;activation//ubiquitination;hsa04621;MAPK1/RIPK2/RBCK1;1
2;RIPK2;hsa:8767;CARD6;hsa:84674;http://www.kegg.jp/dbget-bin/www_bget?hsa:84674;PPrel;activation;hsa04621;MAPK1/RIPK2/CARD6;1
2;RIPK2;hsa:8767;TRIP6;hsa:7205;http://www.kegg.jp/dbget-bin/www_bget?hsa:7205;PPrel;activation;hsa04621;MAPK1/RIPK2/TRIP6;1
2;RIPK2;hsa:8767;NOD1;hsa:10392;https://www.kegg.jp/dbget-bin/www_bget?hsa:10392;PPrel§§PPrel§§PPrel;activation§§activation§§activation;hsa04621§§hsa05132§§hsa04621;MAPK1/RIPK2/NOD1;3
2;RIPK2;hsa:8767;XIAP;hsa:331;https://www.kegg.jp/dbget-bin/www_bget?hsa:331;PPrel§§PPrel;activation//ubiquitination§§activation//ubiquitination;hsa04621§§hsa04621;MAPK1/RIPK2/XIAP;2
2;RIPK2;hsa:8767;BIRC2;hsa:329 hsa:330;http://www.kegg.jp/dbget-bin/www_bget?hsa:329+hsa:330;PPrel;activation//ubiquitination;hsa04621;MAPK1/RIPK2/BIRC2;1
2;RIPK2;hsa:8767;CARD9;hsa:64170;http://www.kegg.jp/dbget-bin/www_bget?hsa:64170;PPrel;activation;hsa04621;MAPK1/RIPK2/CARD9;1
2;RIPK2;hsa:8767;TRAF2;hsa:7186 hsa:7188 hsa:7189;https://www.kegg.jp/dbget-bin/www_bget?hsa:7186+hsa:7188+hsa:7189;PPrel;activation;hsa04621;MAPK1/RIPK2/TRAF2;1
2;RIPK2;hsa:8767;TNFAIP3;hsa:7128;https://www.kegg.jp/dbget-bin/www_bget?hsa:7128;PPrel;activation;hsa04621;MAPK1/RIPK2/TNFAIP3;1
2;RIPK2;hsa:8767;NOD2;hsa:64127;https://www.kegg.jp/dbget-bin/www_bget?hsa:64127;PPrel§§PPrel§§PPrel;activation§§activation§§activation;hsa05152§§hsa04621§§hsa04621;MAPK1/RIPK2/NOD2;3
2;GNAI1;hsa:2770 hsa:2771 hsa:2773;GRM2;hsa:2912 hsa:2913;https://www.kegg.jp/dbget-bin/www_bget?hsa:2912+hsa:2913;PPrel§§PPrel;activation§§activation;hsa05030§§hsa05030;MAPK1/GNAI1/GRM2;4
2;GNAI1;hsa:2770 hsa:2771 hsa:2773;GPSM1;hsa:26086;http://www.kegg.jp/dbget-bin/www_bget?hsa:26086;PPrel;inhibition;hsa05030;MAPK1/GNAI1/GPSM1;2
2;GNAI1;hsa:2770 hsa:2771 hsa:2773;RGS9;hsa:8787;http://www.kegg.jp/dbget-bin/www_bget?hsa:8787;PPrel;inhibition;hsa05030;MAPK1/GNAI1/RGS9;2
2;GNAI1;hsa:2770 hsa:2771 hsa:2773;CXCR6;hsa:10663 hsa:10803 hsa:1230 hsa:1232 hsa:1233 hsa:1234 hsa:1235 hsa:1236 hsa:1237 hsa:1524 hsa:2826 hsa:2829 hsa:2833 hsa:3577 hsa:3579 hsa:643 hsa:729230 hsa:7852;http://www.kegg.jp/dbget-bin/www_bget?hsa:10663+hsa:10803+hsa:1230+hsa:1232+hsa:1233+hsa:1234+hsa:1235+hsa:1236+hsa:1237+hsa:1524+hsa:2826+hsa:2829+hsa:2833+hsa:3577+hsa:3579+hsa:643+hsa:729230+hsa:7852;PPrel;activation;hsa04062;MAPK1/GNAI1/CXCR6;2
2;GNAI1;hsa:2770 hsa:2771 hsa:2773;LPAR1;hsa:1902;http://www.kegg.jp/dbget-bin/www_bget?hsa:1902;PPrel;activation;hsa04540;MAPK1/GNAI1/LPAR1;2
2;GNAI1;hsa:2770 hsa:2771 hsa:2773;DRD2;hsa:1813;https://www.kegg.jp/dbget-bin/www_bget?hsa:1813;PPrel§§PPrel§§PPrel§§PPrel;activation§§activation§§missing interaction§§activation;hsa04540§§hsa05030§§hsa05012§§hsa05030;MAPK1/GNAI1/DRD2;8
2;GNAI1;hsa:2770 hsa:2771 hsa:2773;RASD1;hsa:51655;https://www.kegg.jp/dbget-bin/www_bget?hsa:51655;PPrel;missing interaction;hsa04934;MAPK1/GNAI1/RASD1;2
2;GNAI1;hsa:2770 hsa:2771 hsa:2773;CHRM1;hsa:1128 hsa:1129 hsa:134 hsa:154 hsa:1813 hsa:1909 hsa:2550 hsa:2693 hsa:27198 hsa:2867 hsa:3350 hsa:3351 hsa:3352 hsa:3354 hsa:3355 hsa:338442 hsa:4886 hsa:5021 hsa:56670 hsa:5733 hsa:6751 hsa:6752 hsa:6755 hsa:8843 hsa:9568;http://www.kegg.jp/dbget-bin/www_bget?hsa:1128+hsa:1129+hsa:134+hsa:154+hsa:1813+hsa:1909+hsa:2550+hsa:2693+hsa:27198+hsa:2867+hsa:3350+hsa:3351+hsa:3352+hsa:3354+hsa:3355+hsa:338442+hsa:4886+hsa:5021+hsa:56670+hsa:5733+hsa:6751+hsa:6752+hsa:6755+hsa:8843+hsa:9568;PPrel;activation;hsa04024;MAPK1/GNAI1/CHRM1;2
2;GNAI1;hsa:2770 hsa:2771 hsa:2773;BDKRB2;hsa:624;http://www.kegg.jp/dbget-bin/www_bget?hsa:624;PPrel;activation;hsa04022;MAPK1/GNAI1/BDKRB2;2
2;GNAI1;hsa:2770 hsa:2771 hsa:2773;OPRD1;hsa:4985;http://www.kegg.jp/dbget-bin/www_bget?hsa:4985;PPrel;activation;hsa04022;MAPK1/GNAI1/OPRD1;2
2;GNAI1;hsa:2770 hsa:2771 hsa:2773;ADRB1;hsa:153 hsa:154 hsa:155;http://www.kegg.jp/dbget-bin/www_bget?hsa:153+hsa:154+hsa:155;PPrel;activation;hsa04022;MAPK1/GNAI1/ADRB1;2
2;GNAI1;hsa:2770 hsa:2771 hsa:2773;CXCR4;hsa:7852;https://www.kegg.jp/dbget-bin/www_bget?hsa:7852;PPrel§§PPrel§§PPrel;activation§§binding/association§§activation;hsa04360§§hsa04670§§hsa04360;MAPK1/GNAI1/CXCR4;6
2;GNAI1;hsa:2770 hsa:2771 hsa:2773;RGS3;hsa:5998;http://www.kegg.jp/dbget-bin/www_bget?hsa:5998;PPrel;inhibition;hsa04360;MAPK1/GNAI1/RGS3;2
2;GNAI1;hsa:2770 hsa:2771 hsa:2773;ADORA1;hsa:134 hsa:140 hsa:4985 hsa:624;https://www.kegg.jp/dbget-bin/www_bget?hsa:134+hsa:140+hsa:4985+hsa:624;PPrel§§PPrel§§PPrel§§PPrel;activation§§activation§§activation§§activation;hsa04071§§hsa04022§§hsa04924§§hsa04923;MAPK1/GNAI1/ADORA1;8
2;GNAI1;hsa:2770 hsa:2771 hsa:2773;S1PR1;hsa:1901;http://www.kegg.jp/dbget-bin/www_bget?hsa:1901;PPrel;activation;hsa04071;MAPK1/GNAI1/S1PR1;2
2;GNAI1;hsa:2770 hsa:2771 hsa:2773;S1PR2;hsa:9294;http://www.kegg.jp/dbget-bin/www_bget?hsa:9294;PPrel;activation;hsa04071;MAPK1/GNAI1/S1PR2;2
2;GNAI1;hsa:2770 hsa:2771 hsa:2773;S1PR3;hsa:1903;http://www.kegg.jp/dbget-bin/www_bget?hsa:1903;PPrel;activation;hsa04071;MAPK1/GNAI1/S1PR3;2
2;GNAI1;hsa:2770 hsa:2771 hsa:2773;S1PR4;hsa:8698;http://www.kegg.jp/dbget-bin/www_bget?hsa:8698;PPrel;activation;hsa04071;MAPK1/GNAI1/S1PR4;2
2;GNAI1;hsa:2770 hsa:2771 hsa:2773;S1PR5;hsa:53637;http://www.kegg.jp/dbget-bin/www_bget?hsa:53637;PPrel;activation;hsa04071;MAPK1/GNAI1/S1PR5;2
2;GNAI1;hsa:2770 hsa:2771 hsa:2773;SSTR2;hsa:6752;http://www.kegg.jp/dbget-bin/www_bget?hsa:6752;PPrel;activation;hsa04971;MAPK1/GNAI1/SSTR2;2
2;GNAI1;hsa:2770 hsa:2771 hsa:2773;P2RY12;hsa:64805;http://www.kegg.jp/dbget-bin/www_bget?hsa:64805;PPrel;activation;hsa04611;MAPK1/GNAI1/P2RY12;2
2;GNAI1;hsa:2770 hsa:2771 hsa:2773;SSTR1;hsa:6751 hsa:6752 hsa:6753 hsa:6755;http://www.kegg.jp/dbget-bin/www_bget?hsa:6751+hsa:6752+hsa:6753+hsa:6755;PPrel;activation;hsa04935;MAPK1/GNAI1/SSTR1;2
2;GNAI1;hsa:2770 hsa:2771 hsa:2773;CASR;hsa:846;http://www.kegg.jp/dbget-bin/www_bget?hsa:846;PPrel;activation;hsa04928;MAPK1/GNAI1/CASR;2
2;GNAI1;hsa:2770 hsa:2771 hsa:2773;PTH1R;hsa:5745;https://www.kegg.jp/dbget-bin/www_bget?hsa:5745;PPrel;activation;hsa04928;MAPK1/GNAI1/PTH1R;2
2;GNAI1;hsa:2770 hsa:2771 hsa:2773;RXFP1;hsa:59350;http://www.kegg.jp/dbget-bin/www_bget?hsa:59350;PPrel;binding/association;hsa04926;MAPK1/GNAI1/RXFP1;2
2;GNAI1;hsa:2770 hsa:2771 hsa:2773;EDNRB;hsa:1910;http://www.kegg.jp/dbget-bin/www_bget?hsa:1910;PPrel;binding/association;hsa04926;MAPK1/GNAI1/EDNRB;2
2;GNAI1;hsa:2770 hsa:2771 hsa:2773;RXFP3;hsa:51289;https://www.kegg.jp/dbget-bin/www_bget?hsa:51289;PPrel;binding/association;hsa04926;MAPK1/GNAI1/RXFP3;2
2;GNAI1;hsa:2770 hsa:2771 hsa:2773;RXFP4;hsa:339403;http://www.kegg.jp/dbget-bin/www_bget?hsa:339403;PPrel;binding/association;hsa04926;MAPK1/GNAI1/RXFP4;2
2;GNAI1;hsa:2770 hsa:2771 hsa:2773;PTGER3;hsa:5733;http://www.kegg.jp/dbget-bin/www_bget?hsa:5733;PPrel;activation;hsa04923;MAPK1/GNAI1/PTGER3;2
2;GNAI1;hsa:2770 hsa:2771 hsa:2773;NPY1R;hsa:4886;http://www.kegg.jp/dbget-bin/www_bget?hsa:4886;PPrel;activation;hsa04923;MAPK1/GNAI1/NPY1R;2
2;GNAI1;hsa:2770 hsa:2771 hsa:2773;ADRB2;hsa:154;http://www.kegg.jp/dbget-bin/www_bget?hsa:154;PPrel;activation;hsa04261;MAPK1/GNAI1/ADRB2;2
2;GNAI1;hsa:2770 hsa:2771 hsa:2773;TLR4;hsa:7099;https://www.kegg.jp/dbget-bin/www_bget?hsa:7099;PPrel;activation//phosphorylation//indirect effect;hsa05133;MAPK1/GNAI1/TLR4;2
2;MAPK14;hsa:1432 hsa:5600 hsa:5603 hsa:6300;FCGR1A;hsa:2209 hsa:2212 hsa:2214 hsa:2215 hsa:9103;https://www.kegg.jp/dbget-bin/www_bget?hsa:2209+hsa:2212+hsa:2214+hsa:2215+hsa:9103;PPrel;activation//indirect effect;hsa05140;MAPK1/MAPK14/FCGR1A;2
2;MAPK14;hsa:1432 hsa:5600 hsa:5603 hsa:6300;TRAF6;hsa:7189;https://www.kegg.jp/dbget-bin/www_bget?hsa:7189;PPrel§§PPrel§§PPrel;activation//phosphorylation//indirect effect§§activation//indirect effect§§activation//phosphorylation//indirect effect;hsa05142§§hsa05152§§hsa05133;MAPK1/MAPK14/TRAF6;6
2;MAPK14;hsa:1432 hsa:5600 hsa:5603 hsa:6300;DUSP1;hsa:1843;http://www.kegg.jp/dbget-bin/www_bget?hsa:1843;PPrel;inhibition//phosphorylation;hsa05418;MAPK1/MAPK14/DUSP1;2
2;MAPK14;hsa:1432 hsa:5600 hsa:5603 hsa:6300;MAPK8;hsa:5599 hsa:5601 hsa:5602;http://www.kegg.jp/dbget-bin/www_bget?hsa:5599+hsa:5601+hsa:5602;PPrel;activation;hsa04917;MAPK1/MAPK14/MAPK8;2
2;MAPK14;hsa:1432 hsa:5600 hsa:5603 hsa:6300;HRAS;hsa:3265 hsa:3845 hsa:4893;https://www.kegg.jp/dbget-bin/www_bget?hsa:3265+hsa:3845+hsa:4893;PPrel§§PPrel;activation//phosphorylation//indirect effect§§activation//indirect effect;hsa04722§§hsa04933;MAPK1/MAPK14/HRAS;4
2;MAPK14;hsa:1432 hsa:5600 hsa:5603 hsa:6300;MAP3K7;hsa:6885;https://www.kegg.jp/dbget-bin/www_bget?hsa:6885;PPrel§§PPrel;activation//phosphorylation§§activation//indirect effect;hsa04621§§hsa04622;MAPK1/MAPK14/MAP3K7;4
2;MAPK14;hsa:1432 hsa:5600 hsa:5603 hsa:6300;MAP3K5;hsa:4217;http://www.kegg.jp/dbget-bin/www_bget?hsa:4217;PPrel;activation;hsa04071;MAPK1/MAPK14/MAP3K5;2
2;MAPK14;hsa:1432 hsa:5600 hsa:5603 hsa:6300;MAP3K1;hsa:4214;http://www.kegg.jp/dbget-bin/www_bget?hsa:4214;PPrel;activation//indirect effect;hsa04622;MAPK1/MAPK14/MAP3K1;2
2;MAPK14;hsa:1432 hsa:5600 hsa:5603 hsa:6300;PTK2;hsa:5747;https://www.kegg.jp/dbget-bin/www_bget?hsa:5747;PPrel;activation;hsa05205;MAPK1/MAPK14/PTK2;2
2;MAPK14;hsa:1432 hsa:5600 hsa:5603 hsa:6300;CDC42;hsa:998;https://www.kegg.jp/dbget-bin/www_bget?hsa:998;PPrel;activation;hsa04370;MAPK1/MAPK14/CDC42;2
2;MAPK14;hsa:1432 hsa:5600 hsa:5603 hsa:6300;RIPK2;hsa:8767;http://www.kegg.jp/dbget-bin/www_bget?hsa:8767;PPrel;activation//indirect effect;hsa05152;MAPK1/MAPK14/RIPK2;2
2;MAPK14;hsa:1432 hsa:5600 hsa:5603 hsa:6300;MAPK1;hsa:5594 hsa:5595;https://www.kegg.jp/dbget-bin/www_bget?hsa:5594+hsa:5595;PPrel;activation//phosphorylation;hsa04218;MAPK1/MAPK14/MAPK1;2
2;MAPK14;hsa:1432 hsa:5600 hsa:5603 hsa:6300;PRKG1;hsa:5592 hsa:5593;https://www.kegg.jp/dbget-bin/www_bget?hsa:5592+hsa:5593;PPrel§§PPrel;activation//phosphorylation§§activation;hsa04714§§hsa04611;MAPK1/MAPK14/PRKG1;4
2;MAPK14;hsa:1432 hsa:5600 hsa:5603 hsa:6300;MAP2K7;hsa:5609 hsa:6416;https://www.kegg.jp/dbget-bin/www_bget?hsa:5609+hsa:6416;PPrel;activation//phosphorylation;hsa04926;MAPK1/MAPK14/MAP2K7;2
2;MAPK14;hsa:1432 hsa:5600 hsa:5603 hsa:6300;RAPGEF3;hsa:10411 hsa:11069;http://www.kegg.jp/dbget-bin/www_bget?hsa:10411+hsa:11069;PPrel;activation;hsa04261;MAPK1/MAPK14/RAPGEF3;2
2;MAPK14;hsa:1432 hsa:5600 hsa:5603 hsa:6300;ZAP70;hsa:7535;https://www.kegg.jp/dbget-bin/www_bget?hsa:7535;PPrel;activation//phosphorylation;hsa04660;MAPK1/MAPK14/ZAP70;2
2;MAPK14;hsa:1432 hsa:5600 hsa:5603 hsa:6300;DLG1;hsa:1739;http://www.kegg.jp/dbget-bin/www_bget?hsa:1739;PPrel;binding/association;hsa04660;MAPK1/MAPK14/DLG1;2
2;MAPK14;hsa:1432 hsa:5600 hsa:5603 hsa:6300;MAP2K1;hsa:5604 hsa:5605;http://www.kegg.jp/dbget-bin/www_bget?hsa:5604+hsa:5605;PPrel;activation//phosphorylation;hsa05161;MAPK1/MAPK14/MAP2K1;2
2;MAPK14;hsa:1432 hsa:5600 hsa:5603 hsa:6300;MAP2K3;hsa:5606 hsa:5608 hsa:6416;https://www.kegg.jp/dbget-bin/www_bget?hsa:5606+hsa:5608+hsa:6416;PPrel§§PPrel§§PPrel§§PPrel§§PPrel§§PPrel§§PPrel§§PPrel§§PPrel§§PPrel§§PPrel§§PPrel§§PPrel§§PPrel§§PPrel§§PPrel§§PPrel;activation//phosphorylation§§activation//phosphorylation§§activation//phosphorylation§§activation//phosphorylation§§activation//phosphorylation§§phosphorylation§§activation//phosphorylation§§activation//phosphorylation§§phosphorylation§§activation§§activation//phosphorylation§§activation//phosphorylation§§activation//phosphorylation§§activation§§activation//phosphorylation§§phosphorylation§§activation//phosphorylation;hsa05161§§hsa04714§§hsa05014§§hsa04912§§hsa05135§§hsa04668§§hsa05132§§hsa05169§§hsa04620§§hsa04015§§hsa05145§§hsa05235§§hsa04935§§hsa04664§§hsa05170§§hsa04668§§hsa04218;MAPK1/MAPK14/MAP2K3;34
2;MAPK14;hsa:1432 hsa:5600 hsa:5603 hsa:6300;GNAI1;hsa:2770 hsa:2771 hsa:2773;https://www.kegg.jp/dbget-bin/www_bget?hsa:2770+hsa:2771+hsa:2773;PPrel;activation//phosphorylation//indirect effect;hsa05133;MAPK1/MAPK14/GNAI1;2
2;MAPK14;hsa:1432 hsa:5600 hsa:5603 hsa:6300;MAP2K6;hsa:5608 hsa:6416;https://www.kegg.jp/dbget-bin/www_bget?hsa:5608+hsa:6416;PPrel§§PPrel§§PPrel§§PPrel§§PPrel;activation//phosphorylation§§activation//phosphorylation§§activation//phosphorylation§§activation//phosphorylation§§activation;hsa04380§§hsa05235§§hsa05418§§hsa05014§§hsa05163;MAPK1/MAPK14/MAP2K6;10
2;MAPK14;hsa:1432 hsa:5600 hsa:5603 hsa:6300;PRKCA;hsa:5578 hsa:5579 hsa:5580 hsa:5581 hsa:5590;https://www.kegg.jp/dbget-bin/www_bget?hsa:5578+hsa:5579+hsa:5580+hsa:5581+hsa:5590;PPrel;activation//phosphorylation//indirect effect;hsa04933;MAPK1/MAPK14/PRKCA;2
2;MAPK14;hsa:1432 hsa:5600 hsa:5603 hsa:6300;RAC1;hsa:5879 hsa:998;https://www.kegg.jp/dbget-bin/www_bget?hsa:5879+hsa:998;PPrel;activation//indirect effect;hsa04933;MAPK1/MAPK14/RAC1;2
2;MAPK14;hsa:1432 hsa:5600 hsa:5603 hsa:6300;NOS3;hsa:4846;http://www.kegg.jp/dbget-bin/www_bget?hsa:4846;PPrel;activation//indirect effect;hsa04933;MAPK1/MAPK14/NOS3;2
2;MAPK14;hsa:1432 hsa:5600 hsa:5603 hsa:6300;BMPR1A;hsa:657 hsa:658 hsa:659 hsa:90;http://www.kegg.jp/dbget-bin/www_bget?hsa:657+hsa:658+hsa:659+hsa:90;PPrel;inhibition//indirect effect;hsa04550;MAPK1/MAPK14/BMPR1A;2
2;MAPK14;hsa:1432 hsa:5600 hsa:5603 hsa:6300;LAT;hsa:27040;https://www.kegg.jp/dbget-bin/www_bget?hsa:27040;PPrel;activation//indirect effect;hsa04659;MAPK1/MAPK14/LAT;2
2;MAPK14;hsa:1432 hsa:5600 hsa:5603 hsa:6300;IL1R1;hsa:3554 hsa:3556;https://www.kegg.jp/dbget-bin/www_bget?hsa:3554+hsa:3556;PPrel;activation//indirect effect;hsa04659;MAPK1/MAPK14/IL1R1;2
2;IQGAP1;hsa:8826;CDC42;hsa:998;https://www.kegg.jp/dbget-bin/www_bget?hsa:998;PPrel;activation;hsa04520;MAPK1/IQGAP1/CDC42;1
2;IQGAP1;hsa:8826;RAC1;hsa:5879 hsa:5880 hsa:5881 hsa:998;https://www.kegg.jp/dbget-bin/www_bget?hsa:5879+hsa:5880+hsa:5881+hsa:998;PPrel§§PPrel;activation§§inhibition;hsa04520§§hsa04520;MAPK1/IQGAP1/RAC1;2
2;IQGAP1;hsa:8826;CD44;hsa:960;http://www.kegg.jp/dbget-bin/www_bget?hsa:960;PPrel;binding/association;hsa05205;MAPK1/IQGAP1/CD44;1
2;SDC1;hsa:6382;MMP9;hsa:4318;http://www.kegg.jp/dbget-bin/www_bget?hsa:4318;PPrel;inhibition;hsa05205;MAPK1/SDC1/MMP9;1
2;SDC1;hsa:6382;HPSE;hsa:10855 hsa:60495;http://www.kegg.jp/dbget-bin/www_bget?hsa:10855+hsa:60495;PPrel;state change;hsa05205;MAPK1/SDC1/HPSE;1
2;ARAF;hsa:369 hsa:5894 hsa:673;PRKCA;hsa:5578 hsa:5579 hsa:5580 hsa:5581 hsa:5582 hsa:5583 hsa:5588;https://www.kegg.jp/dbget-bin/www_bget?hsa:5578+hsa:5579+hsa:5580+hsa:5581+hsa:5582+hsa:5583+hsa:5588;PPrel§§PPrel§§PPrel§§PPrel§§PPrel;activation§§activation§§activation§§activation//indirect effect§§activation;hsa05223§§hsa05200§§hsa05161§§hsa01521§§hsa04270;MAPK1/ARAF/PRKCA;5
2;ARAF;hsa:369 hsa:5894 hsa:673;PRKACA;hsa:5566 hsa:5567 hsa:5568;https://www.kegg.jp/dbget-bin/www_bget?hsa:5566+hsa:5567+hsa:5568;PPrel;inhibition//phosphorylation;hsa01522;MAPK1/ARAF/PRKACA;1
2;ARAF;hsa:369 hsa:5894 hsa:673;RRAS2;hsa:22800 hsa:22808 hsa:3265 hsa:3845 hsa:4893 hsa:6237;https://www.kegg.jp/dbget-bin/www_bget?hsa:22800+hsa:22808+hsa:3265+hsa:3845+hsa:4893+hsa:6237;PPrel§§PPrel;activation§§activation;hsa05205§§hsa05205;MAPK1/ARAF/RRAS2;2
2;ARAF;hsa:369 hsa:5894 hsa:673;ARRB1;hsa:408 hsa:409;http://www.kegg.jp/dbget-bin/www_bget?hsa:408+hsa:409;PPrel;activation;hsa04928;MAPK1/ARAF/ARRB1;1
2;ARAF;hsa:369 hsa:5894 hsa:673;HRAS;hsa:3265 hsa:3845 hsa:4893;https://www.kegg.jp/dbget-bin/www_bget?hsa:3265+hsa:3845+hsa:4893;PPrel§§PPrel§§PPrel§§PPrel§§PPrel§§PPrel§§PPrel§§PPrel§§PPrel§§PPrel§§PPrel§§PPrel§§PPrel§§PPrel§§PPrel§§PPrel§§PPrel§§PPrel§§PPrel§§PPrel§§PPrel§§PPrel§§PPrel§§PPrel§§PPrel§§PPrel§§PPrel§§PPrel§§PPrel§§PPrel§§PPrel§§PPrel§§PPrel;activation§§activation§§activation§§activation§§activation§§activation§§activation§§activation§§activation§§activation§§activation§§activation§§activation§§activation§§activation§§activation§§activation§§activation§§activation§§activation§§activation§§activation§§activation§§activation§§activation§§activation§§activation§§activation§§activation§§activation§§activation§§activation§§activation;hsa05219§§hsa05215§§hsa05161§§hsa05214§§hsa05214§§hsa05224§§hsa05224§§hsa05224§§hsa04726§§hsa05213§§hsa05219§§hsa04068§§hsa05223§§hsa05225§§hsa01522§§hsa04650§§hsa05225§§hsa05034§§hsa05034§§hsa05010§§hsa05221§§hsa04910§§hsa04730§§hsa05218§§hsa05200§§hsa05160§§hsa04012§§hsa05210§§hsa05226§§hsa05220§§hsa05226§§hsa04720§§hsa01521;MAPK1/ARAF/HRAS;33
2;ARAF;hsa:369 hsa:5894 hsa:673;GSK3B;hsa:2932;https://www.kegg.jp/dbget-bin/www_bget?hsa:2932;PPrel;activation//phosphorylation;hsa05010;MAPK1/ARAF/GSK3B;1
2;ARAF;hsa:369 hsa:5894 hsa:673;RAP1A;hsa:5906 hsa:5908;https://www.kegg.jp/dbget-bin/www_bget?hsa:5906+hsa:5908;PPrel;activation;hsa04720;MAPK1/ARAF/RAP1A;1
2;ARAF;hsa:369 hsa:5894 hsa:673;NRAS;hsa:4893;https://www.kegg.jp/dbget-bin/www_bget?hsa:4893;PPrel§§PPrel;activation§§activation;hsa05221§§hsa05218;MAPK1/ARAF/NRAS;2
2;ARAF;hsa:369 hsa:5894 hsa:673;KRAS;hsa:3845;https://www.kegg.jp/dbget-bin/www_bget?hsa:3845;PPrel§§PPrel§§PPrel§§PPrel§§PPrel§§PPrel;activation§§activation§§activation§§activation§§activation§§activation;hsa05210§§hsa05223§§hsa05213§§hsa05212§§hsa04914§§hsa05221;MAPK1/ARAF/KRAS;6
2;ARAF;hsa:369 hsa:5894 hsa:673;YWHAQ;hsa:10971 hsa:7529 hsa:7531 hsa:7532 hsa:7533 hsa:7534;http://www.kegg.jp/dbget-bin/www_bget?hsa:10971+hsa:7529+hsa:7531+hsa:7532+hsa:7533+hsa:7534;PPrel;inhibition;hsa05160;MAPK1/ARAF/YWHAQ;1
2;RRAS2;hsa:22800 hsa:22808 hsa:3265 hsa:3845 hsa:4893 hsa:6237;RASGRP1;hsa:10125 hsa:10235 hsa:115727 hsa:25780;https://www.kegg.jp/dbget-bin/www_bget?hsa:10125+hsa:10235+hsa:115727+hsa:25780;PPrel;activation;hsa04014;MAPK1/RRAS2/RASGRP1;1
2;RRAS2;hsa:22800 hsa:22808 hsa:3265 hsa:3845 hsa:4893 hsa:6237;RASGRF1;hsa:5923 hsa:5924;https://www.kegg.jp/dbget-bin/www_bget?hsa:5923+hsa:5924;PPrel;activation;hsa04014;MAPK1/RRAS2/RASGRF1;1
2;RRAS2;hsa:22800 hsa:22808 hsa:3265 hsa:3845 hsa:4893 hsa:6237;NF1;hsa:4763;https://www.kegg.jp/dbget-bin/www_bget?hsa:4763;PPrel;activation;hsa04014;MAPK1/RRAS2/NF1;1
2;RRAS2;hsa:22800 hsa:22808 hsa:3265 hsa:3845 hsa:4893 hsa:6237;RASA4B...;hsa:100271927 hsa:10156 hsa:22821 hsa:5921 hsa:5922 hsa:64926 hsa:8437 hsa:8831 hsa:9462;http://www.kegg.jp/dbget-bin/www_bget?hsa:100271927+hsa:10156+hsa:22821+hsa:5921+hsa:5922+hsa:64926+hsa:8437+hsa:8831+hsa:9462;PPrel;activation;hsa04014;MAPK1/RRAS2/RASA4B...;1
2;RRAS2;hsa:22800 hsa:22808 hsa:3265 hsa:3845 hsa:4893 hsa:6237;SHOC2;hsa:8036;http://www.kegg.jp/dbget-bin/www_bget?hsa:8036;PPrel;binding/association;hsa04014;MAPK1/RRAS2/SHOC2;1
2;RRAS2;hsa:22800 hsa:22808 hsa:3265 hsa:3845 hsa:4893 hsa:6237;GRB2;hsa:2885;https://www.kegg.jp/dbget-bin/www_bget?hsa:2885;PPrel§§PPrel;activation//indirect effect§§activation//indirect effect;hsa05205§§hsa05205;MAPK1/RRAS2/GRB2;2
2;RRAS2;hsa:22800 hsa:22808 hsa:3265 hsa:3845 hsa:4893 hsa:6237;ARHGEF12;hsa:23365;http://www.kegg.jp/dbget-bin/www_bget?hsa:23365;PPrel;activation;hsa04625;MAPK1/RRAS2/ARHGEF12;1
2;RRAS2;hsa:22800 hsa:22808 hsa:3265 hsa:3845 hsa:4893 hsa:6237;LSP1;hsa:4046;http://www.kegg.jp/dbget-bin/www_bget?hsa:4046;PPrel;activation//phosphorylation//indirect effect;hsa04625;MAPK1/RRAS2/LSP1;1
2;RRAS2;hsa:22800 hsa:22808 hsa:3265 hsa:3845 hsa:4893 hsa:6237;SOS1;hsa:6654 hsa:6655;https://www.kegg.jp/dbget-bin/www_bget?hsa:6654+hsa:6655;PPrel§§PPrel§§PPrel§§PPrel;activation§§activation§§activation§§activation;hsa04072§§hsa05205§§hsa04810§§hsa04014;MAPK1/RRAS2/SOS1;4
2;RRAS2;hsa:22800 hsa:22808 hsa:3265 hsa:3845 hsa:4893 hsa:6237;PRKCE;hsa:5581;https://www.kegg.jp/dbget-bin/www_bget?hsa:5581;PPrel;activation;hsa04371;MAPK1/RRAS2/PRKCE;1
2;RRAS2;hsa:22800 hsa:22808 hsa:3265 hsa:3845 hsa:4893 hsa:6237;GNB5;hsa:10681 hsa:2776 hsa:2782 hsa:2783 hsa:2784 hsa:2785 hsa:2786 hsa:2787 hsa:2788 hsa:2790 hsa:2791 hsa:2792 hsa:2793 hsa:51764 hsa:54331 hsa:55970 hsa:59345 hsa:94235;https://www.kegg.jp/dbget-bin/www_bget?hsa:10681+hsa:2776+hsa:2782+hsa:2783+hsa:2784+hsa:2785+hsa:2786+hsa:2787+hsa:2788+hsa:2790+hsa:2791+hsa:2792+hsa:2793+hsa:51764+hsa:54331+hsa:55970+hsa:59345+hsa:94235;PPrel;activation;hsa04371;MAPK1/RRAS2/GNB5;1
2;FGFR1;hsa:2260;FGF21;hsa:26291;http://www.kegg.jp/dbget-bin/www_bget?hsa:26291;PPrel;activation;hsa04714;MAPK1/FGFR1/FGF21;1
2;FGFR1;hsa:2260;KLB;hsa:152831;http://www.kegg.jp/dbget-bin/www_bget?hsa:152831;PPrel;binding/association;hsa04714;MAPK1/FGFR1/KLB;1
2;FGFR1;hsa:2260;FGF23;hsa:8074;http://www.kegg.jp/dbget-bin/www_bget?hsa:8074;PPrel;activation;hsa04928;MAPK1/FGFR1/FGF23;1
2;FGFR1;hsa:2260;FGF1;hsa:2246 hsa:2247 hsa:2248 hsa:2249 hsa:2250 hsa:2251 hsa:2252 hsa:2253 hsa:2254 hsa:2255 hsa:26281 hsa:26291 hsa:27006 hsa:8074 hsa:8817 hsa:8822 hsa:8823 hsa:9965;http://www.kegg.jp/dbget-bin/www_bget?hsa:2246+hsa:2247+hsa:2248+hsa:2249+hsa:2250+hsa:2251+hsa:2252+hsa:2253+hsa:2254+hsa:2255+hsa:26281+hsa:26291+hsa:27006+hsa:8074+hsa:8817+hsa:8822+hsa:8823+hsa:9965;PPrel;activation;hsa05224;MAPK1/FGFR1/FGF1;1
2;FGFR1;hsa:2260;FGF2;hsa:2247;https://www.kegg.jp/dbget-bin/www_bget?hsa:2247;PPrel§§PPrel;activation§§activation;hsa05205§§hsa05205;MAPK1/FGFR1/FGF2;2
2;IGF1R;hsa:3480;KL;hsa:9365;https://www.kegg.jp/dbget-bin/www_bget?hsa:9365;PPrel;inhibition;hsa04211;MAPK1/IGF1R/KL;1
2;IGF1R;hsa:3480;INS;hsa:3630;https://www.kegg.jp/dbget-bin/www_bget?hsa:3630;PPrel§§PPrel;activation§§activation;hsa04114§§hsa04914;MAPK1/IGF1R/INS;2
2;IGF1R;hsa:3480;IGF1;hsa:3479 hsa:3481 hsa:3630;https://www.kegg.jp/dbget-bin/www_bget?hsa:3479+hsa:3481+hsa:3630;PPrel§§PPrel§§PPrel§§PPrel§§PPrel§§PPrel§§PPrel§§PPrel§§PPrel§§PPrel§§PPrel§§PPrel§§PPrel§§PPrel§§PPrel§§PPrel§§PPrel§§PPrel§§PPrel§§PPrel;activation§§activation§§activation§§activation§§activation§§activation§§activation§§activation§§activation§§binding/association§§activation§§activation§§activation§§activation§§activation§§activation§§activation§§activation§§activation§§activation;hsa05224§§hsa04152§§hsa04114§§hsa01521§§hsa01522§§hsa05214§§hsa04211§§hsa05214§§hsa05224§§hsa05205§§hsa05224§§hsa04913§§hsa04914§§hsa05200§§hsa04730§§hsa04550§§hsa04213§§hsa04068§§hsa04213§§hsa04913;MAPK1/IGF1R/IGF1;20
2;IGF1R;hsa:3480;IGF2;hsa:3481;https://www.kegg.jp/dbget-bin/www_bget?hsa:3481;PPrel§§PPrel;activation§§activation;hsa05225§§hsa05205;MAPK1/IGF1R/IGF2;2
2;INSR;hsa:3643;IGF1;hsa:3479;https://www.kegg.jp/dbget-bin/www_bget?hsa:3479;PPrel;activation;hsa04960;MAPK1/INSR/IGF1;1
2;INSR;hsa:3643;KL;hsa:9365;https://www.kegg.jp/dbget-bin/www_bget?hsa:9365;PPrel;inhibition;hsa04211;MAPK1/INSR/KL;1
2;INSR;hsa:3643;PTPN1;hsa:5770 hsa:5781 hsa:5792;https://www.kegg.jp/dbget-bin/www_bget?hsa:5770+hsa:5781+hsa:5792;PPrel§§PPrel;inhibition§§inhibition//dephosphorylation;hsa04931§§hsa04910;MAPK1/INSR/PTPN1;2
2;INSR;hsa:3643;PRKCB;hsa:5579;http://www.kegg.jp/dbget-bin/www_bget?hsa:5579;PPrel;inhibition//phosphorylation;hsa04931;MAPK1/INSR/PRKCB;1
2;INSR;hsa:3643;PRKCE;hsa:5581;https://www.kegg.jp/dbget-bin/www_bget?hsa:5581;PPrel;inhibition//phosphorylation;hsa04931;MAPK1/INSR/PRKCE;1
2;INSR;hsa:3643;SOCS4;hsa:122809 hsa:8651 hsa:8835 hsa:9021;https://www.kegg.jp/dbget-bin/www_bget?hsa:122809+hsa:8651+hsa:8835+hsa:9021;PPrel§§PPrel;inhibition§§inhibition//dephosphorylation;hsa04930§§hsa04910;MAPK1/INSR/SOCS4;2
2;INSR;hsa:3643;PTPRF;hsa:5792;http://www.kegg.jp/dbget-bin/www_bget?hsa:5792;PPrel;inhibition//dephosphorylation;hsa04910;MAPK1/INSR/PTPRF;1
2;INSR;hsa:3643;INS;hsa:3630;https://www.kegg.jp/dbget-bin/www_bget?hsa:3630;PPrel§§PPrel§§PPrel§§PPrel§§PPrel§§PPrel§§PPrel§§PPrel§§PPrel§§PPrel§§PPrel§§PPrel§§PPrel§§PPrel§§PPrel§§PPrel§§PPrel;activation§§activation§§activation§§activation§§activation§§activation§§activation§§activation§§activation§§activation§§activation§§activation§§activation§§activation§§activation§§activation§§activation;hsa05010§§hsa04913§§hsa04930§§hsa04152§§hsa04931§§hsa04923§§hsa04022§§hsa04910§§hsa04932§§hsa04213§§hsa04913§§hsa04068§§hsa04932§§hsa04931§§hsa04931§§hsa04960§§hsa04211;MAPK1/INSR/INS;17
2;PRKACA;hsa:5566 hsa:5567 hsa:5568;PRKCA;hsa:5578 hsa:5579 hsa:5582;https://www.kegg.jp/dbget-bin/www_bget?hsa:5578+hsa:5579+hsa:5582;PPrel;indirect effect;hsa04916;MAPK1/PRKACA/PRKCA;2
2;PRKACA;hsa:5566 hsa:5567 hsa:5568;PPP1R1B;hsa:84152;http://www.kegg.jp/dbget-bin/www_bget?hsa:84152;PPrel;inhibition;hsa05030;MAPK1/PRKACA/PPP1R1B;2
2;PRKACA;hsa:5566 hsa:5567 hsa:5568;RAB13;hsa:5872;http://www.kegg.jp/dbget-bin/www_bget?hsa:5872;PPrel;inhibition;hsa04530;MAPK1/PRKACA/RAB13;2
2;PRKACA;hsa:5566 hsa:5567 hsa:5568;SLC12A2;hsa:6558;http://www.kegg.jp/dbget-bin/www_bget?hsa:6558;PPrel;compound//activation//phosphorylation;hsa05110;MAPK1/PRKACA/SLC12A2;2
2;PRKACA;hsa:5566 hsa:5567 hsa:5568;KCNQ1;hsa:3784;http://www.kegg.jp/dbget-bin/www_bget?hsa:3784;PPrel;compound//activation//phosphorylation;hsa05110;MAPK1/PRKACA/KCNQ1;2
2;PRKACA;hsa:5566 hsa:5567 hsa:5568;ITGA2;hsa:3673 hsa:3688;http://www.kegg.jp/dbget-bin/www_bget?hsa:3673+hsa:3688;PPrel;activation;hsa05205;MAPK1/PRKACA/ITGA2;2
2;PRKACA;hsa:5566 hsa:5567 hsa:5568;ADCY1;hsa:107 hsa:108 hsa:109 hsa:111 hsa:112 hsa:113 hsa:114 hsa:115 hsa:196883 hsa:55811;https://www.kegg.jp/dbget-bin/www_bget?hsa:107+hsa:108+hsa:109+hsa:111+hsa:112+hsa:113+hsa:114+hsa:115+hsa:196883+hsa:55811;PPrel§§PPrel§§ECrel§§PPrel§§ECrel§§PPrel§§PPrel§§PPrel§§PPrel§§PPrel§§PPrel§§PPrel§§PPrel;compound§§compound§§compound//activation//indirect effect§§compound§§compound§§compound§§compound§§compound§§compound//activation§§compound§§activation//indirect effect§§activation//indirect effect§§activation//indirect effect;hsa04713§§hsa04720§§hsa05146§§hsa04914§§hsa04114§§hsa04020§§hsa04713§§hsa04912§§hsa04062§§hsa04540§§hsa05163§§hsa05163§§hsa05163;MAPK1/PRKACA/ADCY1;26
2;PRKACA;hsa:5566 hsa:5567 hsa:5568;RASD1;hsa:51655;https://www.kegg.jp/dbget-bin/www_bget?hsa:51655;PPrel;inhibition//indirect effect;hsa04713;MAPK1/PRKACA/RASD1;2
2;PRKACA;hsa:5566 hsa:5567 hsa:5568;PGR;hsa:5241;http://www.kegg.jp/dbget-bin/www_bget?hsa:5241;ECrel;compound;hsa04114;MAPK1/PRKACA/PGR;2
2;PRKACA;hsa:5566 hsa:5567 hsa:5568;AR;hsa:367;http://www.kegg.jp/dbget-bin/www_bget?hsa:367;ECrel;compound;hsa04114;MAPK1/PRKACA/AR;2
2;PRKACA;hsa:5566 hsa:5567 hsa:5568;IGF1R;hsa:3480;https://www.kegg.jp/dbget-bin/www_bget?hsa:3480;ECrel;compound;hsa04114;MAPK1/PRKACA/IGF1R;2
2;PRKACA;hsa:5566 hsa:5567 hsa:5568;SMO;hsa:6608;https://www.kegg.jp/dbget-bin/www_bget?hsa:6608;PPrel;inhibition;hsa04340;MAPK1/PRKACA/SMO;2
2;PRKACA;hsa:5566 hsa:5567 hsa:5568;PKIA;hsa:5569;http://www.kegg.jp/dbget-bin/www_bget?hsa:5569;PPrel;inhibition;hsa05034;MAPK1/PRKACA/PKIA;2
2;CAMK4;hsa:814 hsa:815 hsa:816 hsa:817 hsa:818;CALML6;hsa:163688 hsa:51806 hsa:801 hsa:805 hsa:808 hsa:810 hsa:91860;https://www.kegg.jp/dbget-bin/www_bget?hsa:163688+hsa:51806+hsa:801+hsa:805+hsa:808+hsa:810+hsa:91860;PPrel§§PPrel;activation§§activation;hsa04722§§hsa05031;MAPK1/CAMK4/CALML6;2
2;DUSP1;hsa:1843;TP53;hsa:7157;http://www.kegg.jp/dbget-bin/www_bget?hsa:7157;GErel;expression;hsa05012;MAPK1/DUSP1/TP53;1
2;DUSP1;hsa:1843;NFE2L2;hsa:4780;http://www.kegg.jp/dbget-bin/www_bget?hsa:4780;PPrel;activation//indirect effect;hsa05418;MAPK1/DUSP1/NFE2L2;1
2;PRKCD;hsa:5580;PLCG1;hsa:5335 hsa:5336;https://www.kegg.jp/dbget-bin/www_bget?hsa:5335+hsa:5336;PPrel;compound//activation;hsa04722;MAPK1/PRKCD/PLCG1;1
2;PRKCD;hsa:5580;PIK3CA;hsa:5290 hsa:5291 hsa:5293 hsa:5295 hsa:5296 hsa:8503;https://www.kegg.jp/dbget-bin/www_bget?hsa:5290+hsa:5291+hsa:5293+hsa:5295+hsa:5296+hsa:8503;PPrel;activation;hsa04750;MAPK1/PRKCD/PIK3CA;1
2;TLR4;hsa:7099;CD14;hsa:929;https://www.kegg.jp/dbget-bin/www_bget?hsa:929;PPrel§§PPrel§§PPrel§§PPrel§§PPrel;activation§§activation§§activation§§activation§§activation;hsa05131§§hsa05152§§hsa04620§§hsa05134§§hsa04064;MAPK1/TLR4/CD14;5
2;TLR4;hsa:7099;HSPA9;hsa:3313;http://www.kegg.jp/dbget-bin/www_bget?hsa:3313;PPrel;activation;hsa05152;MAPK1/TLR4/HSPA9;1
2;TLR4;hsa:7099;HSPD1;hsa:3329;http://www.kegg.jp/dbget-bin/www_bget?hsa:3329;PPrel;activation;hsa05152;MAPK1/TLR4/HSPD1;1
2;TLR4;hsa:7099;IRAK4;hsa:51135;https://www.kegg.jp/dbget-bin/www_bget?hsa:51135;PPrel;activation;hsa05161;MAPK1/TLR4/IRAK4;1
2;TLR4;hsa:7099;LY96;hsa:23643;https://www.kegg.jp/dbget-bin/www_bget?hsa:23643;PPrel§§PPrel;binding/association§§binding/association;hsa04620§§hsa05145;MAPK1/TLR4/LY96;2
2;ARRB1;hsa:408 hsa:409;PTH1R;hsa:5745;https://www.kegg.jp/dbget-bin/www_bget?hsa:5745;PPrel;activation;hsa04928;MAPK1/ARRB1/PTH1R;2
2;ARRB1;hsa:408 hsa:409;RXFP3;hsa:51289;https://www.kegg.jp/dbget-bin/www_bget?hsa:51289;PPrel;binding/association;hsa04926;MAPK1/ARRB1/RXFP3;2
2;ARRB1;hsa:408 hsa:409;SMO;hsa:6608;https://www.kegg.jp/dbget-bin/www_bget?hsa:6608;PPrel;binding/association;hsa04340;MAPK1/ARRB1/SMO;2
2;ARRB1;hsa:408 hsa:409;KIF3A;hsa:11127;http://www.kegg.jp/dbget-bin/www_bget?hsa:11127;PPrel;binding/association;hsa04340;MAPK1/ARRB1/KIF3A;2
2;ARRB1;hsa:408 hsa:409;KISS1R;hsa:84634;https://www.kegg.jp/dbget-bin/www_bget?hsa:84634;PPrel§§PPrel;None§§None;hsa04929§§hsa04929;MAPK1/ARRB1/KISS1R;4
2;PTPN11;hsa:5781;JAK2;hsa:3717;https://www.kegg.jp/dbget-bin/www_bget?hsa:3717;PPrel;activation//phosphorylation;hsa04920;MAPK1/PTPN11/JAK2;1
2;PTPN11;hsa:5781;SYK;hsa:6850;https://www.kegg.jp/dbget-bin/www_bget?hsa:6850;PPrel;binding/association;hsa04625;MAPK1/PTPN11/SYK;1
2;PTPN11;hsa:5781;KIR3DL1;hsa:3811;http://www.kegg.jp/dbget-bin/www_bget?hsa:3811;PPrel;activation;hsa04650;MAPK1/PTPN11/KIR3DL1;1
2;PTPN11;hsa:5781;KIR3DL2;hsa:3812;http://www.kegg.jp/dbget-bin/www_bget?hsa:3812;PPrel;activation;hsa04650;MAPK1/PTPN11/KIR3DL2;1
2;PTPN11;hsa:5781;KIR2DL1;hsa:3802 hsa:3803 hsa:3804 hsa:3805 hsa:57292;http://www.kegg.jp/dbget-bin/www_bget?hsa:3802+hsa:3803+hsa:3804+hsa:3805+hsa:57292;PPrel;activation;hsa04650;MAPK1/PTPN11/KIR2DL1;1
2;PTPN11;hsa:5781;UNC5D;hsa:137970 hsa:219699 hsa:8633 hsa:90249;http://www.kegg.jp/dbget-bin/www_bget?hsa:137970+hsa:219699+hsa:8633+hsa:90249;PPrel;binding/association;hsa04360;MAPK1/PTPN11/UNC5D;1
2;PTPN11;hsa:5781;JAK1;hsa:3716 hsa:3717 hsa:3718 hsa:7297;http://www.kegg.jp/dbget-bin/www_bget?hsa:3716+hsa:3717+hsa:3718+hsa:7297;PPrel;activation//phosphorylation;hsa04630;MAPK1/PTPN11/JAK1;1
2;PTPN11;hsa:5781;GAB1;hsa:2549;https://www.kegg.jp/dbget-bin/www_bget?hsa:2549;PPrel;activation;hsa05211;MAPK1/PTPN11/GAB1;1
2;PTPN11;hsa:5781;GAB2;hsa:9846;http://www.kegg.jp/dbget-bin/www_bget?hsa:9846;PPrel;activation;hsa05220;MAPK1/PTPN11/GAB2;1
2;PTPN11;hsa:5781;PILRA;hsa:29992;http://www.kegg.jp/dbget-bin/www_bget?hsa:29992;PPrel;binding/association;hsa05168;MAPK1/PTPN11/PILRA;1
2;PTPN11;hsa:5781;EGFR;hsa:1956 hsa:3643 hsa:3815 hsa:5156 hsa:5159;https://www.kegg.jp/dbget-bin/www_bget?hsa:1956+hsa:3643+hsa:3815+hsa:5156+hsa:5159;PPrel;activation;hsa04072;MAPK1/PTPN11/EGFR;1
2;PTPN11;hsa:5781;GRB2;hsa:2885;https://www.kegg.jp/dbget-bin/www_bget?hsa:2885;PPrel§§PPrel;binding/association§§binding/association;hsa04014§§hsa04722;MAPK1/PTPN11/GRB2;2
2;PRKCZ;hsa:5590;PIK3CA;hsa:5290 hsa:5291 hsa:5293 hsa:5295 hsa:5296 hsa:8503;https://www.kegg.jp/dbget-bin/www_bget?hsa:5290+hsa:5291+hsa:5293+hsa:5295+hsa:5296+hsa:8503;PPrel§§PPrel§§PPrel;activation§§activation//indirect effect§§indirect effect;hsa04931§§hsa04062§§hsa04930;MAPK1/PRKCZ/PIK3CA;3
2;PRKCZ;hsa:5590;PIK3R6;hsa:146850 hsa:23533 hsa:5294;https://www.kegg.jp/dbget-bin/www_bget?hsa:146850+hsa:23533+hsa:5294;PPrel;None;hsa04062;MAPK1/PRKCZ/PIK3R6;1
2;PTPN6;hsa:5777 hsa:5781;PDCD1;hsa:5133;http://www.kegg.jp/dbget-bin/www_bget?hsa:5133;PPrel;binding/association;hsa05235;MAPK1/PTPN6/PDCD1;2
2;MAP2K1;hsa:5604 hsa:5605;ARAF;hsa:369 hsa:4342 hsa:5894 hsa:673;https://www.kegg.jp/dbget-bin/www_bget?hsa:369+hsa:4342+hsa:5894+hsa:673;PPrel§§PPrel§§PPrel§§PPrel§§PPrel§§PPrel§§PPrel§§PPrel§§PPrel§§PPrel§§PPrel§§PPrel§§PPrel§§PPrel§§PPrel§§PPrel§§PPrel§§PPrel§§PPrel§§PPrel§§PPrel§§PPrel§§PPrel§§PPrel§§PPrel§§PPrel§§PPrel§§PPrel§§PPrel§§PPrel§§PPrel§§PPrel§§PPrel§§PPrel;activation//phosphorylation§§activation//phosphorylation§§activation//phosphorylation§§activation//phosphorylation§§activation//phosphorylation§§activation//phosphorylation§§activation//phosphorylation§§activation//phosphorylation§§activation//phosphorylation§§activation//phosphorylation§§activation//phosphorylation§§activation§§activation//phosphorylation§§activation//phosphorylation§§activation//phosphorylation§§activation//phosphorylation§§activation//phosphorylation§§activation//phosphorylation§§activation//phosphorylation§§activation//phosphorylation§§activation//phosphorylation§§activation//phosphorylation§§phosphorylation§§phosphorylation§§activation//phosphorylation§§activation§§activation§§activation//phosphorylation§§activation//phosphorylation§§activation//phosphorylation§§activation//phosphorylation§§activation//phosphorylation§§activation//phosphorylation§§activation//phosphorylation;hsa04068§§hsa05223§§hsa05225§§hsa05225§§hsa04650§§hsa01522§§hsa05205§§hsa05213§§hsa05224§§hsa05010§§hsa05224§§hsa05160§§hsa04270§§hsa05200§§hsa04910§§hsa01521§§hsa05220§§hsa04012§§hsa05226§§hsa05226§§hsa05210§§hsa05224§§hsa05210§§hsa04810§§hsa05218§§hsa04720§§hsa04730§§hsa05219§§hsa05215§§hsa05211§§hsa05161§§hsa05214§§hsa05221§§hsa05214;MAPK1/MAP2K1/ARAF;3332
2;MAP2K1;hsa:5604 hsa:5605;PRNP;hsa:5621;http://www.kegg.jp/dbget-bin/www_bget?hsa:5621;PPrel;activation//indirect effect;hsa05020;MAPK1/MAP2K1/PRNP;98
2;MAP2K1;hsa:5604 hsa:5605;RAF1;hsa:5894 hsa:673;https://www.kegg.jp/dbget-bin/www_bget?hsa:5894+hsa:673;PPrel§§PPrel§§PPrel§§PPrel§§PPrel§§PPrel§§PPrel§§PPrel§§PPrel§§PPrel§§PPrel§§PPrel§§PPrel§§PPrel§§PPrel§§PPrel§§PPrel§§PPrel§§PPrel§§PPrel§§PPrel§§PPrel§§PPrel§§PPrel§§PPrel§§PPrel§§PPrel§§PPrel§§PPrel§§PPrel§§PPrel§§PPrel§§PPrel§§PPrel§§PPrel§§PPrel§§PPrel§§PPrel§§PPrel§§PPrel;activation//phosphorylation§§activation§§activation//phosphorylation§§activation//phosphorylation§§activation§§activation§§activation//phosphorylation§§activation//phosphorylation§§activation//phosphorylation§§activation//phosphorylation§§activation//phosphorylation§§activation//phosphorylation§§activation//phosphorylation§§activation//phosphorylation§§activation//phosphorylation§§activation//phosphorylation§§activation//phosphorylation§§activation//phosphorylation§§None§§activation//phosphorylation§§activation//phosphorylation§§activation//phosphorylation§§activation//phosphorylation§§activation//phosphorylation§§activation§§activation//phosphorylation§§activation//phosphorylation§§activation//phosphorylation§§activation§§activation//phosphorylation§§activation//phosphorylation§§activation//phosphorylation§§activation//phosphorylation§§activation//phosphorylation§§activation//phosphorylation§§activation//phosphorylation§§activation//phosphorylation§§activation//phosphorylation§§activation//phosphorylation§§activation//phosphorylation;hsa04151§§hsa04915§§hsa05167§§hsa04926§§hsa04915§§hsa04664§§hsa04919§§hsa04912§§hsa04370§§hsa04662§§hsa04071§§hsa04022§§hsa05231§§hsa04921§§hsa05164§§hsa04014§§hsa04917§§hsa05165§§hsa04929§§hsa04550§§hsa04926§§hsa04935§§hsa04722§§hsa04024§§hsa04015§§hsa04140§§hsa04660§§hsa04072§§hsa04540§§hsa04916§§hsa04371§§hsa05235§§hsa04218§§hsa05163§§hsa05235§§hsa04210§§hsa05170§§hsa05132§§hsa04150§§hsa05230;MAPK1/MAP2K1/RAF1;3920
2;MAP2K1;hsa:5604 hsa:5605;PAK1;hsa:5058;http://www.kegg.jp/dbget-bin/www_bget?hsa:5058;PPrel;activation//phosphorylation;hsa04650;MAPK1/MAP2K1/PAK1;98
2;MAP2K1;hsa:5604 hsa:5605;PRKACA;hsa:5566 hsa:5567 hsa:5568;https://www.kegg.jp/dbget-bin/www_bget?hsa:5566+hsa:5567+hsa:5568;PPrel;activation;hsa04919;MAPK1/MAP2K1/PRKACA;98
2;MAP2K1;hsa:5604 hsa:5605;MAP3K7;hsa:6885;https://www.kegg.jp/dbget-bin/www_bget?hsa:6885;PPrel;activation//phosphorylation;hsa05161;MAPK1/MAP2K1/MAP3K7;98
2;MAP2K1;hsa:5604 hsa:5605;TRAF6;hsa:7189;https://www.kegg.jp/dbget-bin/www_bget?hsa:7189;PPrel;activation//indirect effect;hsa05235;MAPK1/MAP2K1/TRAF6;98
2;MAP2K1;hsa:5604 hsa:5605;PRKCD;hsa:5580;http://www.kegg.jp/dbget-bin/www_bget?hsa:5580;PPrel;activation;hsa04722;MAPK1/MAP2K1/PRKCD;98
2;MAP2K1;hsa:5604 hsa:5605;MIR195;hsa:406971;https://www.kegg.jp/dbget-bin/www_bget?hsa:406971;PPrel;inhibition;hsa05206;MAPK1/MAP2K1/MIR195;98
2;MAP2K1;hsa:5604 hsa:5605;GSK3B;hsa:2932;https://www.kegg.jp/dbget-bin/www_bget?hsa:2932;PPrel;activation//phosphorylation;hsa05010;MAPK1/MAP2K1/GSK3B;98
2;MAP2K1;hsa:5604 hsa:5605;PPP2CA;hsa:5515 hsa:5516 hsa:5518 hsa:5519;http://www.kegg.jp/dbget-bin/www_bget?hsa:5515+hsa:5516+hsa:5518+hsa:5519;PPrel;inhibition;hsa04730;MAPK1/MAP2K1/PPP2CA;98
2;MAP2K1;hsa:5604 hsa:5605;MAP3K8;hsa:1326;http://www.kegg.jp/dbget-bin/www_bget?hsa:1326;PPrel;phosphorylation;hsa04620;MAPK1/MAP2K1/MAP3K8;98
2;MAP2K1;hsa:5604 hsa:5605;EGFR;hsa:1956 hsa:2064 hsa:3480 hsa:3643;https://www.kegg.jp/dbget-bin/www_bget?hsa:1956+hsa:2064+hsa:3480+hsa:3643;PPrel;activation//indirect effect;hsa04066;MAPK1/MAP2K1/EGFR;98
2;MAP2K1;hsa:5604 hsa:5605;BRAF;hsa:673;https://www.kegg.jp/dbget-bin/www_bget?hsa:673;PPrel§§PPrel§§PPrel§§PPrel§§PPrel§§PPrel§§PPrel§§PPrel;activation//phosphorylation§§activation§§activation//phosphorylation§§activation//phosphorylation§§activation//phosphorylation§§activation//phosphorylation§§activation§§activation//phosphorylation;hsa04024§§hsa04722§§hsa05216§§hsa05216§§hsa04934§§hsa05218§§hsa04015§§hsa05216;MAPK1/MAP2K1/BRAF;784
2;MAP2K1;hsa:5604 hsa:5605;HRAS;hsa:3265 hsa:3845 hsa:4893;https://www.kegg.jp/dbget-bin/www_bget?hsa:3265+hsa:3845+hsa:4893;PPrel;activation;hsa05166;MAPK1/MAP2K1/HRAS;98
2;MAP2K1;hsa:5604 hsa:5605;TICAM1;hsa:148022;https://www.kegg.jp/dbget-bin/www_bget?hsa:148022;PPrel;activation//indirect effect;hsa05135;MAPK1/MAP2K1/TICAM1;98
2;MAP2K1;hsa:5604 hsa:5605;GRB2;hsa:2885;https://www.kegg.jp/dbget-bin/www_bget?hsa:2885;PPrel;activation//indirect effect;hsa04550;MAPK1/MAP2K1/GRB2;98
2;MIR10A;hsa:406902 hsa:406903;TWIST2;hsa:117581 hsa:7291;http://www.kegg.jp/dbget-bin/www_bget?hsa:117581+hsa:7291;GErel;expression//indirect effect;hsa05205;MAPK1/MIR10A/TWIST2;1
2;MAP2K3;hsa:5606 hsa:5608;RAC1;hsa:5879 hsa:5880 hsa:5881;https://www.kegg.jp/dbget-bin/www_bget?hsa:5879+hsa:5880+hsa:5881;PPrel;activation;hsa04664;MAPK1/MAP2K3/RAC1;1
2;MAP2K3;hsa:5606 hsa:5608;MAP3K2;hsa:10746 hsa:4214 hsa:4215 hsa:4216;http://www.kegg.jp/dbget-bin/www_bget?hsa:10746+hsa:4214+hsa:4215+hsa:4216;PPrel;activation//phosphorylation;hsa04912;MAPK1/MAP2K3/MAP3K2;1
2;MAP2K3;hsa:5606 hsa:5608;RAP1A;hsa:5906 hsa:5908;https://www.kegg.jp/dbget-bin/www_bget?hsa:5906+hsa:5908;PPrel;activation;hsa04015;MAPK1/MAP2K3/RAP1A;1
2;MAP2K3;hsa:5606 hsa:5608;IL1R1;hsa:3554 hsa:3556;https://www.kegg.jp/dbget-bin/www_bget?hsa:3554+hsa:3556;PPrel;activation//indirect effect;hsa04750;MAPK1/MAP2K3/IL1R1;1
2;MAP2K3;hsa:5606 hsa:5608;MAP3K7;hsa:6885;https://www.kegg.jp/dbget-bin/www_bget?hsa:6885;PPrel§§PPrel§§PPrel§§PPrel;activation//phosphorylation§§activation//phosphorylation§§phosphorylation§§activation//phosphorylation;hsa04620§§hsa05145§§hsa04668§§hsa05161;MAPK1/MAP2K3/MAP3K7;4
2;MAP2K3;hsa:5606 hsa:5608;TICAM1;hsa:148022;https://www.kegg.jp/dbget-bin/www_bget?hsa:148022;PPrel;activation//indirect effect;hsa05135;MAPK1/MAP2K3/TICAM1;1
2;AKT3;hsa:10000 hsa:207 hsa:208;TRIB3;hsa:57761;https://www.kegg.jp/dbget-bin/www_bget?hsa:57761;PPrel§§PPrel;inhibition§§inhibition;hsa04931§§hsa04931;MAPK1/AKT3/TRIB3;2
2;AKT3;hsa:10000 hsa:207 hsa:208;PTPA;hsa:5524;https://www.kegg.jp/dbget-bin/www_bget?hsa:5524;PPrel§§PPrel;inhibition//dephosphorylation§§inhibition//dephosphorylation;hsa04931§§hsa04931;MAPK1/AKT3/PTPA;2
2;AKT3;hsa:10000 hsa:207 hsa:208;OGT;hsa:8473;http://www.kegg.jp/dbget-bin/www_bget?hsa:8473;PPrel;inhibition//glycosylation;hsa04931;MAPK1/AKT3/OGT;1
2;AKT3;hsa:10000 hsa:207 hsa:208;PIK3R6;hsa:146850 hsa:23533 hsa:5294;https://www.kegg.jp/dbget-bin/www_bget?hsa:146850+hsa:23533+hsa:5294;PPrel§§PPrel§§PPrel;activation§§activation§§phosphorylation//indirect effect;hsa04261§§hsa04022§§hsa04371;MAPK1/AKT3/PIK3R6;3
2;AKT3;hsa:10000 hsa:207 hsa:208;CRTC2;hsa:200186;http://www.kegg.jp/dbget-bin/www_bget?hsa:200186;PPrel;activation//phosphorylation;hsa04151;MAPK1/AKT3/CRTC2;1
2;AKT3;hsa:10000 hsa:207 hsa:208;PDPK1;hsa:5170;https://www.kegg.jp/dbget-bin/www_bget?hsa:5170;PPrel§§PPrel§§PPrel§§PPrel§§PPrel§§PPrel§§PPrel§§PPrel§§PPrel§§PPrel§§PPrel§§PPrel§§PPrel§§PPrel§§PPrel§§PPrel§§PPrel§§PPrel§§PPrel§§PPrel§§PPrel;activation//phosphorylation§§activation//phosphorylation§§activation§§activation//phosphorylation§§activation§§activation§§activation§§activation//phosphorylation§§activation//phosphorylation§§activation//phosphorylation§§activation//phosphorylation§§activation//phosphorylation§§activation//phosphorylation§§activation//phosphorylation§§activation//phosphorylation§§activation//phosphorylation§§activation§§activation//phosphorylation§§activation§§phosphorylation§§activation//phosphorylation;hsa04151§§hsa05213§§hsa05231§§hsa04210§§hsa04071§§hsa01524§§hsa04722§§hsa04150§§hsa05145§§hsa04152§§hsa04910§§hsa04140§§hsa04660§§hsa05223§§hsa05215§§hsa05223§§hsa04919§§hsa04931§§hsa04664§§hsa04510§§hsa04068;MAPK1/AKT3/PDPK1;21
2;AKT3;hsa:10000 hsa:207 hsa:208;PHLPP2;hsa:23035 hsa:23239;http://www.kegg.jp/dbget-bin/www_bget?hsa:23035+hsa:23239;PPrel;inhibition//dephosphorylation;hsa04151;MAPK1/AKT3/PHLPP2;1
2;AKT3;hsa:10000 hsa:207 hsa:208;PPP2R3B;hsa:28227 hsa:55012 hsa:5515 hsa:5516 hsa:5518 hsa:5519 hsa:5520 hsa:5521 hsa:5522 hsa:5523 hsa:5525 hsa:5526 hsa:5527 hsa:5528 hsa:5529 hsa:55844;https://www.kegg.jp/dbget-bin/www_bget?hsa:28227+hsa:55012+hsa:5515+hsa:5516+hsa:5518+hsa:5519+hsa:5520+hsa:5521+hsa:5522+hsa:5523+hsa:5525+hsa:5526+hsa:5527+hsa:5528+hsa:5529+hsa:55844;PPrel§§PPrel§§PPrel§§PPrel;inhibition//dephosphorylation§§inhibition//dephosphorylation§§inhibition§§inhibition//dephosphorylation;hsa04151§§hsa04728§§hsa05165§§hsa04071;MAPK1/AKT3/PPP2R3B;4
2;AKT3;hsa:10000 hsa:207 hsa:208;THEM4;hsa:117145;http://www.kegg.jp/dbget-bin/www_bget?hsa:117145;PPrel;inhibition;hsa04151;MAPK1/AKT3/THEM4;1
2;AKT3;hsa:10000 hsa:207 hsa:208;MTCP1;hsa:4515 hsa:8115 hsa:9623;http://www.kegg.jp/dbget-bin/www_bget?hsa:4515+hsa:8115+hsa:9623;PPrel;activation;hsa04151;MAPK1/AKT3/MTCP1;1
2;AKT3;hsa:10000 hsa:207 hsa:208;MAPK14;hsa:1432 hsa:5600 hsa:5603 hsa:6300;http://www.kegg.jp/dbget-bin/www_bget?hsa:1432+hsa:5600+hsa:5603+hsa:6300;PPrel;inhibition;hsa04071;MAPK1/AKT3/MAPK14;1
2;AKT3;hsa:10000 hsa:207 hsa:208;PRKCZ;hsa:5590;http://www.kegg.jp/dbget-bin/www_bget?hsa:5590;PPrel;inhibition;hsa04071;MAPK1/AKT3/PRKCZ;1
2;AKT3;hsa:10000 hsa:207 hsa:208;ILK;hsa:3611;https://www.kegg.jp/dbget-bin/www_bget?hsa:3611;PPrel§§PPrel;activation//phosphorylation§§phosphorylation;hsa05213§§hsa04510;MAPK1/AKT3/ILK;2
2;AKT3;hsa:10000 hsa:207 hsa:208;NKX3-1;hsa:4824;https://www.kegg.jp/dbget-bin/www_bget?hsa:4824;PPrel§§PPrel;missing interaction§§missing interaction;hsa05215§§hsa05200;MAPK1/AKT3/NKX3-1;2
2;AKT3;hsa:10000 hsa:207 hsa:208;RHOB;hsa:388 hsa:399;http://www.kegg.jp/dbget-bin/www_bget?hsa:388+hsa:399;PPrel;activation//indirect effect;hsa05132;MAPK1/AKT3/RHOB;1
2;AKT3;hsa:10000 hsa:207 hsa:208;RRAS;hsa:6237;http://www.kegg.jp/dbget-bin/www_bget?hsa:6237;PPrel;activation//indirect effect;hsa05132;MAPK1/AKT3/RRAS;1
2;AKT3;hsa:10000 hsa:207 hsa:208;PTK2;hsa:5747;https://www.kegg.jp/dbget-bin/www_bget?hsa:5747;PPrel;activation//indirect effect;hsa05418;MAPK1/AKT3/PTK2;1
2;AKT3;hsa:10000 hsa:207 hsa:208;PIK3CA;hsa:5290 hsa:5291 hsa:5293 hsa:5295 hsa:5296 hsa:8503;https://www.kegg.jp/dbget-bin/www_bget?hsa:5290+hsa:5291+hsa:5293+hsa:5295+hsa:5296+hsa:8503;PPrel§§PPrel§§PPrel§§PPrel§§PPrel§§PPrel§§PPrel§§PPrel§§PPrel§§PPrel§§PPrel§§PPrel§§PPrel§§PPrel§§PPrel§§PPrel§§PPrel§§PPrel§§PPrel§§PPrel§§PPrel§§PPrel§§PPrel§§PPrel§§PPrel§§PPrel§§PPrel§§PPrel§§PPrel§§PPrel§§PPrel§§PPrel§§PPrel§§PPrel§§PPrel§§PPrel§§PPrel§§PPrel§§PPrel§§PPrel§§PPrel§§PPrel§§PPrel§§PPrel;activation//indirect effect§§phosphorylation//indirect effect§§activation//indirect effect§§activation§§activation§§compound//activation§§activation§§compound§§compound§§compound//activation§§activation//indirect effect§§activation//indirect effect§§compound//activation§§compound§§activation//indirect effect§§activation//indirect effect§§compound§§activation//indirect effect§§activation//indirect effect§§activation//indirect effect§§activation//indirect effect§§compound§§activation§§compound//activation§§activation//indirect effect§§activation//indirect effect§§activation//phosphorylation//indirect effect§§activation//phosphorylation//indirect effect§§compound§§activation//phosphorylation§§activation§§activation//indirect effect§§activation//phosphorylation//indirect effect§§activation//indirect effect§§activation//phosphorylation//indirect effect§§activation//indirect effect§§None§§indirect effect§§activation//indirect effect§§compound//activation§§compound//activation§§compound§§compound§§activation//indirect effect;hsa04932§§hsa04668§§hsa04024§§hsa04015§§hsa04066§§hsa04370§§hsa05210§§hsa05221§§hsa05222§§hsa05218§§hsa04620§§hsa04380§§hsa05142§§hsa04012§§hsa05230§§hsa05163§§hsa05220§§hsa04550§§hsa04550§§hsa04933§§hsa04630§§hsa04660§§hsa04935§§hsa04722§§hsa05418§§hsa01522§§hsa05205§§hsa05205§§hsa04510§§hsa04725§§hsa05017§§hsa04625§§hsa05161§§hsa04915§§hsa05205§§hsa04611§§hsa04929§§hsa05211§§hsa04923§§hsa04062§§hsa05215§§hsa04662§§hsa04914§§hsa04915;MAPK1/AKT3/PIK3CA;44
2;PPP2CA;hsa:5515 hsa:5516 hsa:5518 hsa:5519;TGFBR2;hsa:7048;http://www.kegg.jp/dbget-bin/www_bget?hsa:7048;PPrel;activation;hsa04350;MAPK1/PPP2CA/TGFBR2;1
2;PPP2CA;hsa:5515 hsa:5516 hsa:5518 hsa:5519;PPP1R17;hsa:10842;http://www.kegg.jp/dbget-bin/www_bget?hsa:10842;PPrel;inhibition;hsa04730;MAPK1/PPP2CA/PPP1R17;1
2;GRB2;hsa:2885;PDGFRB;hsa:5159;http://www.kegg.jp/dbget-bin/www_bget?hsa:5159;PPrel;activation;hsa05165;MAPK1/GRB2/PDGFRB;1
2;GRB2;hsa:2885;EGFR;hsa:1956 hsa:2064 hsa:2260 hsa:2263 hsa:3480 hsa:3643 hsa:3645 hsa:3815 hsa:5156 hsa:5159;https://www.kegg.jp/dbget-bin/www_bget?hsa:1956+hsa:2064+hsa:2260+hsa:2263+hsa:3480+hsa:3643+hsa:3645+hsa:3815+hsa:5156+hsa:5159;PPrel§§PPrel§§PPrel§§PPrel§§PPrel§§PPrel§§PPrel§§PPrel§§PPrel§§PPrel§§PPrel§§PPrel§§PPrel§§PPrel§§PPrel;activation§§binding/association§§activation§§activation§§activation§§activation§§activation§§activation§§activation§§activation§§activation§§activation§§activation§§activation§§activation;hsa05165§§hsa05160§§hsa05223§§hsa04012§§hsa04012§§hsa05213§§hsa05231§§hsa05163§§hsa04072§§hsa05215§§hsa04540§§hsa05210§§hsa04912§§hsa04068§§hsa04926;MAPK1/GRB2/EGFR;15
2;GRB2;hsa:2885;LCP2;hsa:3937;http://www.kegg.jp/dbget-bin/www_bget?hsa:3937;PPrel;activation;hsa04650;MAPK1/GRB2/LCP2;1
2;GRB2;hsa:2885;HCST;hsa:10870;http://www.kegg.jp/dbget-bin/www_bget?hsa:10870;PPrel;activation;hsa04650;MAPK1/GRB2/HCST;1
2;GRB2;hsa:2885;LAT;hsa:27040;https://www.kegg.jp/dbget-bin/www_bget?hsa:27040;PPrel§§PPrel§§PPrel;activation§§activation§§activation;hsa04650§§hsa04650§§hsa04664;MAPK1/GRB2/LAT;3
2;GRB2;hsa:2885;KIT;hsa:3815;https://www.kegg.jp/dbget-bin/www_bget?hsa:3815;PPrel§§PPrel;activation§§activation;hsa05221§§hsa05200;MAPK1/GRB2/KIT;2
2;GRB2;hsa:2885;FLT3;hsa:2322;https://www.kegg.jp/dbget-bin/www_bget?hsa:2322;PPrel§§PPrel;activation§§activation;hsa05221§§hsa05200;MAPK1/GRB2/FLT3;2
2;GRB2;hsa:2885;PTK2;hsa:5747;https://www.kegg.jp/dbget-bin/www_bget?hsa:5747;PPrel;activation;hsa04510;MAPK1/GRB2/PTK2;1
2;GRB2;hsa:2885;SH2B2;hsa:10603;http://www.kegg.jp/dbget-bin/www_bget?hsa:10603;PPrel;binding/association;hsa04722;MAPK1/GRB2/SH2B2;1
2;GRB2;hsa:2885;SH2B3;hsa:10019 hsa:25970;http://www.kegg.jp/dbget-bin/www_bget?hsa:10019+hsa:25970;PPrel;binding/association;hsa04722;MAPK1/GRB2/SH2B3;1
2;GRB2;hsa:2885;NTRK1;hsa:4914;https://www.kegg.jp/dbget-bin/www_bget?hsa:4914;PPrel;binding/association;hsa04722;MAPK1/GRB2/NTRK1;1
2;GRB2;hsa:2885;NTRK2;hsa:4915;http://www.kegg.jp/dbget-bin/www_bget?hsa:4915;PPrel;binding/association;hsa04722;MAPK1/GRB2/NTRK2;1
2;GRB2;hsa:2885;NTRK3;hsa:4916;http://www.kegg.jp/dbget-bin/www_bget?hsa:4916;PPrel;binding/association;hsa04722;MAPK1/GRB2/NTRK3;1
2;GRB2;hsa:2885;MIR10A;hsa:406902 hsa:406903;http://www.kegg.jp/dbget-bin/www_bget?hsa:406902+hsa:406903;PPrel;inhibition;hsa05206;MAPK1/GRB2/MIR10A;1
2;GRB2;hsa:2885;MIR195;hsa:406971;https://www.kegg.jp/dbget-bin/www_bget?hsa:406971;PPrel;inhibition;hsa05206;MAPK1/GRB2/MIR195;1
2;GRB2;hsa:2885;MIR129-1;hsa:406917 hsa:406918;http://www.kegg.jp/dbget-bin/www_bget?hsa:406917+hsa:406918;PPrel;inhibition;hsa05206;MAPK1/GRB2/MIR129-1;1
2;GRB2;hsa:2885;IGF1R;hsa:3480 hsa:3643;https://www.kegg.jp/dbget-bin/www_bget?hsa:3480+hsa:3643;PPrel§§PPrel;activation§§activation;hsa04150§§hsa05200;MAPK1/GRB2/IGF1R;2
2;GRB2;hsa:2885;FGFR2;hsa:2263;http://www.kegg.jp/dbget-bin/www_bget?hsa:2263;PPrel;activation;hsa05226;MAPK1/GRB2/FGFR2;1
2;GRB2;hsa:2885;MET;hsa:4233;https://www.kegg.jp/dbget-bin/www_bget?hsa:4233;PPrel§§PPrel§§PPrel§§PPrel§§PPrel;activation§§activation§§activation§§activation§§activation;hsa05205§§hsa05211§§hsa05226§§hsa05225§§hsa05200;MAPK1/GRB2/MET;5
2;GRB2;hsa:2885;SHC2;hsa:25759 hsa:399694 hsa:53358 hsa:6464;https://www.kegg.jp/dbget-bin/www_bget?hsa:25759+hsa:399694+hsa:53358+hsa:6464;PPrel§§PPrel§§PPrel§§PPrel§§PPrel§§PPrel§§PPrel§§PPrel§§PPrel§§PPrel§§PPrel§§PPrel§§PPrel§§PPrel§§PPrel§§PPrel§§PPrel§§PPrel§§PPrel§§PPrel;activation§§activation§§activation§§activation§§activation§§activation§§activation§§activation§§activation§§activation§§activation§§activation§§binding/association§§activation§§activation§§activation§§activation§§binding/association§§binding/association§§activation;hsa04935§§hsa04650§§hsa01521§§hsa04012§§hsa05214§§hsa05214§§hsa05224§§hsa05224§§hsa05224§§hsa04917§§hsa04917§§hsa05225§§hsa04062§§hsa01522§§hsa04910§§hsa04915§§hsa05226§§hsa04722§§hsa04014§§hsa04510;MAPK1/GRB2/SHC2;20
2;GRB2;hsa:2885;FRS2;hsa:10818;http://www.kegg.jp/dbget-bin/www_bget?hsa:10818;PPrel;activation;hsa04714;MAPK1/GRB2/FRS2;1
2;GRB2;hsa:2885;ERBB2;hsa:2064;https://www.kegg.jp/dbget-bin/www_bget?hsa:2064;PPrel§§PPrel;activation§§activation;hsa05223§§hsa05205;MAPK1/GRB2/ERBB2;2
2;GRB2;hsa:2885;IRS1;hsa:3667 hsa:8471 hsa:8660;http://www.kegg.jp/dbget-bin/www_bget?hsa:3667+hsa:8471+hsa:8660;PPrel;activation;hsa04910;MAPK1/GRB2/IRS1;1
2;GRB2;hsa:2885;BLNK;hsa:29760;http://www.kegg.jp/dbget-bin/www_bget?hsa:29760;PPrel;binding/association;hsa04662;MAPK1/GRB2/BLNK;1
2;GRB2;hsa:2885;ABL1;hsa:25 hsa:613;https://www.kegg.jp/dbget-bin/www_bget?hsa:25+hsa:613;PPrel§§PPrel;activation§§activation;hsa05200§§hsa05220;MAPK1/GRB2/ABL1;2
2;GRB2;hsa:2885;PDGFRA;hsa:5156 hsa:5159;https://www.kegg.jp/dbget-bin/www_bget?hsa:5156+hsa:5159;PPrel§§PPrel;activation§§activation;hsa05200§§hsa05163;MAPK1/GRB2/PDGFRA;2
2;GRB2;hsa:2885;FGFR1;hsa:2260 hsa:2261 hsa:2263 hsa:2264;https://www.kegg.jp/dbget-bin/www_bget?hsa:2260+hsa:2261+hsa:2263+hsa:2264;PPrel;activation;hsa05200;MAPK1/GRB2/FGFR1;1
2;GRB2;hsa:2885;CD28;hsa:940;http://www.kegg.jp/dbget-bin/www_bget?hsa:940;PPrel;activation;hsa04660;MAPK1/GRB2/CD28;1
2;GRB2;hsa:2885;SRC;hsa:6714;https://www.kegg.jp/dbget-bin/www_bget?hsa:6714;PPrel;activation;hsa05161;MAPK1/GRB2/SRC;1
2;GRB2;hsa:2885;CSF1R;hsa:1436 hsa:1956 hsa:1969 hsa:2064 hsa:2065 hsa:2066 hsa:2260 hsa:2261 hsa:2263 hsa:2264 hsa:2321 hsa:2322 hsa:2324 hsa:3480 hsa:3643 hsa:3791 hsa:3815 hsa:4233 hsa:4804 hsa:4914 hsa:4915 hsa:5156 hsa:5159 hsa:7010;https://www.kegg.jp/dbget-bin/www_bget?hsa:1436+hsa:1956+hsa:1969+hsa:2064+hsa:2065+hsa:2066+hsa:2260+hsa:2261+hsa:2263+hsa:2264+hsa:2321+hsa:2322+hsa:2324+hsa:3480+hsa:3643+hsa:3791+hsa:3815+hsa:4233+hsa:4804+hsa:4914+hsa:4915+hsa:5156+hsa:5159+hsa:7010;PPrel§§PPrel;activation//indirect effect§§activation;hsa04380§§hsa04151;MAPK1/GRB2/CSF1R;2
2;GRB2;hsa:2885;GAB1;hsa:2549;https://www.kegg.jp/dbget-bin/www_bget?hsa:2549;PPrel;activation;hsa05211;MAPK1/GRB2/GAB1;1
2;GRB2;hsa:2885;IL6ST;hsa:3572 hsa:3977;http://www.kegg.jp/dbget-bin/www_bget?hsa:3572+hsa:3977;PPrel;activation;hsa04550;MAPK1/GRB2/IL6ST;1
2;CAMK2A;hsa:815 hsa:816 hsa:817 hsa:818;RIPK3;hsa:11035;http://www.kegg.jp/dbget-bin/www_bget?hsa:11035;PPrel;activation//phosphorylation;hsa04217;MAPK1/CAMK2A/RIPK3;2
2;CAMK2A;hsa:815 hsa:816 hsa:817 hsa:818;CYBB;hsa:1536;http://www.kegg.jp/dbget-bin/www_bget?hsa:1536;PPrel;activation;hsa04217;MAPK1/CAMK2A/CYBB;2
2;CAMK2A;hsa:815 hsa:816 hsa:817 hsa:818;ITPR1;hsa:3708 hsa:3709 hsa:3710;https://www.kegg.jp/dbget-bin/www_bget?hsa:3708+hsa:3709+hsa:3710;PPrel;activation//indirect effect;hsa05205;MAPK1/CAMK2A/ITPR1;2
2;CAMK2A;hsa:815 hsa:816 hsa:817 hsa:818;PLCG1;hsa:5335 hsa:5336;https://www.kegg.jp/dbget-bin/www_bget?hsa:5335+hsa:5336;PPrel;compound;hsa04012;MAPK1/CAMK2A/PLCG1;2
2;CAMK2A;hsa:815 hsa:816 hsa:817 hsa:818;PLCB1;hsa:23236 hsa:5330 hsa:5331 hsa:5332;http://www.kegg.jp/dbget-bin/www_bget?hsa:23236+hsa:5330+hsa:5331+hsa:5332;PPrel;compound;hsa04310;MAPK1/CAMK2A/PLCB1;2
2;CAMK2A;hsa:815 hsa:816 hsa:817 hsa:818;CALML6;hsa:163688 hsa:51806 hsa:801 hsa:805 hsa:808 hsa:810 hsa:91860;https://www.kegg.jp/dbget-bin/www_bget?hsa:163688+hsa:51806+hsa:801+hsa:805+hsa:808+hsa:810+hsa:91860;PPrel§§PPrel§§PPrel§§PPrel§§PPrel§§PPrel§§PPrel§§PPrel§§PPrel§§PPrel§§PPrel§§PPrel§§PPrel§§PPrel;activation§§activation§§activation§§activation§§activation§§activation§§activation§§activation§§activation§§activation§§activation§§activation§§activation§§activation;hsa04261§§hsa04728§§hsa04916§§hsa04912§§hsa04750§§hsa04713§§hsa05152§§hsa04971§§hsa04114§§hsa05012§§hsa04713§§hsa04740§§hsa04720§§hsa05200;MAPK1/CAMK2A/CALML6;28
2;CAMK2A;hsa:815 hsa:816 hsa:817 hsa:818;PPP1CA;hsa:5499 hsa:5500 hsa:5501;http://www.kegg.jp/dbget-bin/www_bget?hsa:5499+hsa:5500+hsa:5501;PPrel;inhibition;hsa04720;MAPK1/CAMK2A/PPP1CA;2
2;LAT;hsa:27040;PLCG1;hsa:5335;https://www.kegg.jp/dbget-bin/www_bget?hsa:5335;PPrel;binding/association;hsa04660;MAPK1/LAT/PLCG1;1
2;LAT;hsa:27040;GRB2;hsa:2885;https://www.kegg.jp/dbget-bin/www_bget?hsa:2885;PPrel;binding/association;hsa04660;MAPK1/LAT/GRB2;1
2;LAT;hsa:27040;CD244;hsa:51744;http://www.kegg.jp/dbget-bin/www_bget?hsa:51744;PPrel;activation;hsa04650;MAPK1/LAT/CD244;1
2;LAT;hsa:27040;SYK;hsa:6850;https://www.kegg.jp/dbget-bin/www_bget?hsa:6850;PPrel§§PPrel§§PPrel;activation//phosphorylation§§activation//phosphorylation§§activation//phosphorylation;hsa04650§§hsa04650§§hsa04664;MAPK1/LAT/SYK;3
2;LAT;hsa:27040;PTPN6;hsa:5777;https://www.kegg.jp/dbget-bin/www_bget?hsa:5777;PPrel;inhibition//dephosphorylation;hsa04650;MAPK1/LAT/PTPN6;1
2;LAT;hsa:27040;PTPN11;hsa:5781;http://www.kegg.jp/dbget-bin/www_bget?hsa:5781;PPrel;inhibition//dephosphorylation;hsa04650;MAPK1/LAT/PTPN11;1
2;LAT;hsa:27040;ZAP70;hsa:7535;https://www.kegg.jp/dbget-bin/www_bget?hsa:7535;PPrel§§PPrel§§PPrel§§PPrel§§PPrel§§PPrel§§PPrel§§PPrel§§PPrel;activation//phosphorylation§§activation//phosphorylation§§activation§§activation//phosphorylation§§activation//phosphorylation§§activation//phosphorylation§§activation§§activation//phosphorylation§§activation;hsa05135§§hsa05235§§hsa04658§§hsa04650§§hsa04650§§hsa04660§§hsa04014§§hsa04064§§hsa04659;MAPK1/LAT/ZAP70;9
2;TRAF6;hsa:7189;CD40;hsa:958;http://www.kegg.jp/dbget-bin/www_bget?hsa:958;PPrel;binding/association;hsa04064;MAPK1/TRAF6/CD40;2
2;TRAF6;hsa:7189;EDARADD;hsa:128178;http://www.kegg.jp/dbget-bin/www_bget?hsa:128178;PPrel;binding/association;hsa04064;MAPK1/TRAF6/EDARADD;2
2;TRAF6;hsa:7189;CYLD;hsa:1540;http://www.kegg.jp/dbget-bin/www_bget?hsa:1540;PPrel;inhibition;hsa04064;MAPK1/TRAF6/CYLD;2
2;TRAF6;hsa:7189;NGFR;hsa:4804;https://www.kegg.jp/dbget-bin/www_bget?hsa:4804;PPrel§§PPrel;binding/association§§binding/association;hsa04722§§hsa04722;MAPK1/TRAF6/NGFR;4
2;TRAF6;hsa:7189;IRAK4;hsa:51135;https://www.kegg.jp/dbget-bin/www_bget?hsa:51135;PPrel§§PPrel§§PPrel;binding/association§§binding/association§§activation;hsa04621§§hsa04620§§hsa05161;MAPK1/TRAF6/IRAK4;6
2;TRAF6;hsa:7189;IL1R1;hsa:3554;https://www.kegg.jp/dbget-bin/www_bget?hsa:3554;PPrel;activation//indirect effect;hsa05131;MAPK1/TRAF6/IL1R1;2
2;TRAF6;hsa:7189;TLR4;hsa:7099;https://www.kegg.jp/dbget-bin/www_bget?hsa:7099;PPrel;activation//indirect effect;hsa05131;MAPK1/TRAF6/TLR4;2
2;TRAF6;hsa:7189;TLR5;hsa:7100;http://www.kegg.jp/dbget-bin/www_bget?hsa:7100;PPrel;activation//indirect effect;hsa05131;MAPK1/TRAF6/TLR5;2
2;TRAF6;hsa:7189;TIFA;hsa:92610;http://www.kegg.jp/dbget-bin/www_bget?hsa:92610;PPrel;activation;hsa05131;MAPK1/TRAF6/TIFA;2
2;TRAF6;hsa:7189;IRAK1;hsa:3654 hsa:3656 hsa:51135;https://www.kegg.jp/dbget-bin/www_bget?hsa:3654+hsa:3656+hsa:51135;PPrel§§PPrel§§PPrel§§PPrel§§PPrel§§PPrel§§PPrel;activation§§activation§§activation§§activation§§activation§§activation§§activation;hsa05162§§hsa05140§§hsa05142§§hsa05145§§hsa05132§§hsa05130§§hsa05152;MAPK1/TRAF6/IRAK1;14
2;TRAF6;hsa:7189;TNFAIP3;hsa:7128;https://www.kegg.jp/dbget-bin/www_bget?hsa:7128;PPrel;inhibition;hsa05162;MAPK1/TRAF6/TNFAIP3;2
2;TRAF6;hsa:7189;MAVS;hsa:57506;http://www.kegg.jp/dbget-bin/www_bget?hsa:57506;PPrel;binding/association;hsa04622;MAPK1/TRAF6/MAVS;2
2;TRAF6;hsa:7189;PTPN6;hsa:5777 hsa:5781;https://www.kegg.jp/dbget-bin/www_bget?hsa:5777+hsa:5781;PPrel;inhibition;hsa05130;MAPK1/TRAF6/PTPN6;2
2;TRAF6;hsa:7189;AMBRA1;hsa:55626;http://www.kegg.jp/dbget-bin/www_bget?hsa:55626;PPrel;activation;hsa04140;MAPK1/TRAF6/AMBRA1;2
2;TRAF6;hsa:7189;RIPK1;hsa:8737;http://www.kegg.jp/dbget-bin/www_bget?hsa:8737;PPrel;inhibition;hsa04620;MAPK1/TRAF6/RIPK1;2
2;MAP3K7;hsa:6885;TNFRSF1A;hsa:7132;http://www.kegg.jp/dbget-bin/www_bget?hsa:7132;PPrel;activation//indirect effect;hsa05418;MAPK1/MAP3K7/TNFRSF1A;2
2;MAP3K7;hsa:6885;IL1R1;hsa:3554 hsa:7850;https://www.kegg.jp/dbget-bin/www_bget?hsa:3554+hsa:7850;PPrel;activation//indirect effect;hsa05418;MAPK1/MAP3K7/IL1R1;2
2;MAP3K7;hsa:6885;TRAF2;hsa:7186 hsa:7188;https://www.kegg.jp/dbget-bin/www_bget?hsa:7186+hsa:7188;PPrel§§PPrel;activation§§activation;hsa04622§§hsa04668;MAPK1/MAP3K7/TRAF2;4
2;MAP3K7;hsa:6885;TRAF6;hsa:7189;https://www.kegg.jp/dbget-bin/www_bget?hsa:7189;PPrel§§PPrel;activation§§activation;hsa04657§§hsa04620;MAPK1/MAP3K7/TRAF6;4
2;MAP3K7;hsa:6885;TAB3;hsa:257397;http://www.kegg.jp/dbget-bin/www_bget?hsa:257397;PPrel;binding/association;hsa04657;MAPK1/MAP3K7/TAB3;2
2;MAP3K7;hsa:6885;PRKCQ;hsa:5588;http://www.kegg.jp/dbget-bin/www_bget?hsa:5588;PPrel;activation;hsa04660;MAPK1/MAP3K7/PRKCQ;2
2;MAP3K7;hsa:6885;MAP2K7;hsa:5609;https://www.kegg.jp/dbget-bin/www_bget?hsa:5609;PPrel;activation//phosphorylation;hsa04660;MAPK1/MAP3K7/MAP2K7;2
2;MAP3K7;hsa:6885;BCL10;hsa:8915;http://www.kegg.jp/dbget-bin/www_bget?hsa:8915;PPrel;binding/association;hsa04660;MAPK1/MAP3K7/BCL10;2
2;MAP3K7;hsa:6885;TAB1;hsa:10454 hsa:23118 hsa:257397;https://www.kegg.jp/dbget-bin/www_bget?hsa:10454+hsa:23118+hsa:257397;PPrel§§PPrel;binding/association§§binding/association;hsa04620§§hsa04621;MAPK1/MAP3K7/TAB1;4
2;ERBB2;hsa:2064;MIR125A;hsa:406910 hsa:406911 hsa:406912;http://www.kegg.jp/dbget-bin/www_bget?hsa:406910+hsa:406911+hsa:406912;PPrel;inhibition;hsa05206;MAPK1/ERBB2/MIR125A;1
2;ERBB2;hsa:2064;MIR331;hsa:442903;http://www.kegg.jp/dbget-bin/www_bget?hsa:442903;PPrel;inhibition;hsa05206;MAPK1/ERBB2/MIR331;1
2;ERBB2;hsa:2064;EGFR;hsa:1956;https://www.kegg.jp/dbget-bin/www_bget?hsa:1956;PPrel;binding/association;hsa05212;MAPK1/ERBB2/EGFR;1
2;ERBB2;hsa:2064;HES1;hsa:3280 hsa:388585;http://www.kegg.jp/dbget-bin/www_bget?hsa:3280+hsa:388585;GErel;expression;hsa05224;MAPK1/ERBB2/HES1;1
2;ERBB2;hsa:2064;HEY1;hsa:23462 hsa:23493 hsa:26508;http://www.kegg.jp/dbget-bin/www_bget?hsa:23462+hsa:23493+hsa:26508;GErel;expression;hsa05224;MAPK1/ERBB2/HEY1;1
2;ERBB2;hsa:2064;EGF;hsa:1950;https://www.kegg.jp/dbget-bin/www_bget?hsa:1950;PPrel§§PPrel;activation§§activation;hsa05223§§hsa05219;MAPK1/ERBB2/EGF;2
2;ERBB2;hsa:2064;TGFA;hsa:7039;http://www.kegg.jp/dbget-bin/www_bget?hsa:7039;PPrel;activation;hsa05223;MAPK1/ERBB2/TGFA;1
2;ERBB2;hsa:2064;NOTCH1;hsa:4851 hsa:4853 hsa:4854 hsa:4855;https://www.kegg.jp/dbget-bin/www_bget?hsa:4851+hsa:4853+hsa:4854+hsa:4855;GErel§§GErel;expression§§expression;hsa05200§§hsa05224;MAPK1/ERBB2/NOTCH1;2
2;HRAS;hsa:3265 hsa:3845 hsa:4893;SRC;hsa:6714;https://www.kegg.jp/dbget-bin/www_bget?hsa:6714;PPrel§§PPrel;activation//indirect effect§§activation;hsa04912§§hsa04915;MAPK1/HRAS/SRC;4
2;HRAS;hsa:3265 hsa:3845 hsa:4893;RASA1;hsa:5921;http://www.kegg.jp/dbget-bin/www_bget?hsa:5921;PPrel;inhibition;hsa04360;MAPK1/HRAS/RASA1;2
2;HRAS;hsa:3265 hsa:3845 hsa:4893;SPHK2;hsa:56848 hsa:8877;http://www.kegg.jp/dbget-bin/www_bget?hsa:56848+hsa:8877;PPrel;indirect effect;hsa04370;MAPK1/HRAS/SPHK2;2
2;HRAS;hsa:3265 hsa:3845 hsa:4893;ALK;hsa:238 hsa:27436;https://www.kegg.jp/dbget-bin/www_bget?hsa:238+hsa:27436;PPrel§§PPrel§§PPrel;activation//indirect effect§§activation§§activation//indirect effect;hsa05223§§hsa05235§§hsa05200;MAPK1/HRAS/ALK;6
2;HRAS;hsa:3265 hsa:3845 hsa:4893;RASGRP3;hsa:25780;http://www.kegg.jp/dbget-bin/www_bget?hsa:25780;PPrel;activation;hsa04662;MAPK1/HRAS/RASGRP3;2
2;HRAS;hsa:3265 hsa:3845 hsa:4893;RASGRP1;hsa:10125 hsa:10235 hsa:115727 hsa:25780;https://www.kegg.jp/dbget-bin/www_bget?hsa:10125+hsa:10235+hsa:115727+hsa:25780;PPrel§§PPrel§§PPrel§§PPrel;activation§§activation§§activation§§activation;hsa04014§§hsa05200§§hsa04660§§hsa05235;MAPK1/HRAS/RASGRP1;8
2;HRAS;hsa:3265 hsa:3845 hsa:4893;RASGRF1;hsa:5923;https://www.kegg.jp/dbget-bin/www_bget?hsa:5923;PPrel;activation;hsa04014;MAPK1/HRAS/RASGRF1;2
2;HRAS;hsa:3265 hsa:3845 hsa:4893;GNAQ;hsa:2776;http://www.kegg.jp/dbget-bin/www_bget?hsa:2776;PPrel;activation;hsa04921;MAPK1/HRAS/GNAQ;2
2;HRAS;hsa:3265 hsa:3845 hsa:4893;GNAI1;hsa:2770 hsa:2771 hsa:2773;https://www.kegg.jp/dbget-bin/www_bget?hsa:2770+hsa:2771+hsa:2773;PPrel§§PPrel;activation§§activation;hsa04071§§hsa04540;MAPK1/HRAS/GNAI1;4
2;HRAS;hsa:3265 hsa:3845 hsa:4893;SOS1;hsa:6654 hsa:6655;https://www.kegg.jp/dbget-bin/www_bget?hsa:6654+hsa:6655;PPrel§§PPrel§§PPrel§§PPrel§§PPrel§§PPrel§§PPrel§§PPrel§§PPrel§§PPrel§§PPrel§§PPrel§§PPrel§§PPrel§§PPrel§§PPrel§§PPrel§§PPrel§§PPrel§§PPrel§§PPrel§§PPrel§§PPrel§§PPrel§§PPrel§§PPrel§§PPrel§§PPrel§§PPrel§§PPrel§§PPrel§§PPrel§§PPrel§§PPrel§§PPrel§§PPrel§§PPrel§§PPrel§§PPrel§§PPrel§§PPrel;activation§§activation//indirect effect§§activation§§activation§§activation§§activation§§activation§§activation§§activation§§activation§§activation§§activation§§activation§§activation§§activation§§activation§§activation§§activation§§activation§§activation§§activation§§activation§§activation§§activation§§activation§§activation§§activation§§activation§§activation§§activation§§activation§§activation§§activation§§activation§§activation§§activation§§activation§§activation§§activation§§activation§§activation;hsa05214§§hsa04062§§hsa04926§§hsa05160§§hsa05200§§hsa04915§§hsa05161§§hsa04722§§hsa05163§§hsa04150§§hsa04910§§hsa01521§§hsa04935§§hsa05224§§hsa05221§§hsa05210§§hsa04540§§hsa05226§§hsa05226§§hsa04012§§hsa05220§§hsa05215§§hsa05224§§hsa05214§§hsa05223§§hsa05225§§hsa04664§§hsa04151§§hsa05165§§hsa04014§§hsa04068§§hsa04714§§hsa04650§§hsa04917§§hsa01522§§hsa05034§§hsa05231§§hsa04912§§hsa05213§§hsa05224§§hsa05225;MAPK1/HRAS/SOS1;82
2;HRAS;hsa:3265 hsa:3845 hsa:4893;CAMK1D;hsa:57118 hsa:57172 hsa:814 hsa:815 hsa:816 hsa:817 hsa:818 hsa:8536;https://www.kegg.jp/dbget-bin/www_bget?hsa:57118+hsa:57172+hsa:814+hsa:815+hsa:816+hsa:817+hsa:818+hsa:8536;PPrel§§PPrel;activation//indirect effect§§activation//indirect effect;hsa05214§§hsa05214;MAPK1/HRAS/CAMK1D;4
2;HRAS;hsa:3265 hsa:3845 hsa:4893;SYK;hsa:6850;https://www.kegg.jp/dbget-bin/www_bget?hsa:6850;PPrel;activation;hsa05167;MAPK1/HRAS/SYK;2
2;HRAS;hsa:3265 hsa:3845 hsa:4893;GNB5;hsa:10681 hsa:2782 hsa:2783 hsa:2784 hsa:2785 hsa:2786 hsa:2787 hsa:2788 hsa:2790 hsa:2791 hsa:2792 hsa:2793 hsa:51764 hsa:54331 hsa:55970 hsa:59345 hsa:94235;https://www.kegg.jp/dbget-bin/www_bget?hsa:10681+hsa:2782+hsa:2783+hsa:2784+hsa:2785+hsa:2786+hsa:2787+hsa:2788+hsa:2790+hsa:2791+hsa:2792+hsa:2793+hsa:51764+hsa:54331+hsa:55970+hsa:59345+hsa:94235;PPrel;activation;hsa05167;MAPK1/HRAS/GNB5;2
2;HRAS;hsa:3265 hsa:3845 hsa:4893;PIK3CA;hsa:5290 hsa:5291 hsa:5293 hsa:5295 hsa:5296 hsa:8503;https://www.kegg.jp/dbget-bin/www_bget?hsa:5290+hsa:5291+hsa:5293+hsa:5295+hsa:5296+hsa:8503;PPrel§§PPrel;activation//indirect effect§§activation;hsa04062§§hsa05170;MAPK1/HRAS/PIK3CA;4
2;HRAS;hsa:3265 hsa:3845 hsa:4893;PIK3R6;hsa:146850 hsa:23533 hsa:5294;https://www.kegg.jp/dbget-bin/www_bget?hsa:146850+hsa:23533+hsa:5294;PPrel§§PPrel;None§§activation//indirect effect;hsa04062§§hsa04725;MAPK1/HRAS/PIK3R6;4
2;HRAS;hsa:3265 hsa:3845 hsa:4893;CSF2RB;hsa:1439 hsa:3563;http://www.kegg.jp/dbget-bin/www_bget?hsa:1439+hsa:3563;PPrel;activation;hsa04210;MAPK1/HRAS/CSF2RB;2
2;HRAS;hsa:3265 hsa:3845 hsa:4893;NTRK1;hsa:4914;https://www.kegg.jp/dbget-bin/www_bget?hsa:4914;PPrel;activation//indirect effect;hsa04210;MAPK1/HRAS/NTRK1;2
2;HRAS;hsa:3265 hsa:3845 hsa:4893;IFNGR1;hsa:3459 hsa:3460;http://www.kegg.jp/dbget-bin/www_bget?hsa:3459+hsa:3460;PPrel;activation;hsa05235;MAPK1/HRAS/IFNGR1;2
2;HRAS;hsa:3265 hsa:3845 hsa:4893;FGFR3;hsa:2261;http://www.kegg.jp/dbget-bin/www_bget?hsa:2261;PPrel;indirect effect;hsa05219;MAPK1/HRAS/FGFR3;2
2;HRAS;hsa:3265 hsa:3845 hsa:4893;RASSF1;hsa:11186;https://www.kegg.jp/dbget-bin/www_bget?hsa:11186;PPrel§§PPrel;missing interaction§§missing interaction;hsa05219§§hsa05200;MAPK1/HRAS/RASSF1;4
2;HRAS;hsa:3265 hsa:3845 hsa:4893;MAPK1;hsa:5594 hsa:5595;https://www.kegg.jp/dbget-bin/www_bget?hsa:5594+hsa:5595;PPrel;inhibition//phosphorylation;hsa04722;MAPK1/HRAS/MAPK1;2
2;HRAS;hsa:3265 hsa:3845 hsa:4893;RPS6KA6;hsa:27330 hsa:6195 hsa:6196 hsa:6197;http://www.kegg.jp/dbget-bin/www_bget?hsa:27330+hsa:6195+hsa:6196+hsa:6197;PPrel;inhibition//phosphorylation;hsa04722;MAPK1/HRAS/RPS6KA6;2
2;HRAS;hsa:3265 hsa:3845 hsa:4893;MIRLET7C;hsa:406885;http://www.kegg.jp/dbget-bin/www_bget?hsa:406885;PPrel;inhibition;hsa05206;MAPK1/HRAS/MIRLET7C;2
2;HRAS;hsa:3265 hsa:3845 hsa:4893;MIRLET7A1;hsa:406881 hsa:406882 hsa:406883 hsa:406884 hsa:406886 hsa:406887 hsa:406888 hsa:406889 hsa:406890 hsa:406891;http://www.kegg.jp/dbget-bin/www_bget?hsa:406881+hsa:406882+hsa:406883+hsa:406884+hsa:406886+hsa:406887+hsa:406888+hsa:406889+hsa:406890+hsa:406891;PPrel;inhibition;hsa05206;MAPK1/HRAS/MIRLET7A1;2
2;HRAS;hsa:3265 hsa:3845 hsa:4893;RET;hsa:5979 hsa:8030 hsa:8031;https://www.kegg.jp/dbget-bin/www_bget?hsa:5979+hsa:8030+hsa:8031;PPrel§§PPrel;indirect effect§§indirect effect;hsa05216§§hsa05200;MAPK1/HRAS/RET;4
2;HRAS;hsa:3265 hsa:3845 hsa:4893;AGER;hsa:177;https://www.kegg.jp/dbget-bin/www_bget?hsa:177;PPrel;activation;hsa05010;MAPK1/HRAS/AGER;2
2;HRAS;hsa:3265 hsa:3845 hsa:4893;NOS1;hsa:4842;http://www.kegg.jp/dbget-bin/www_bget?hsa:4842;PPrel;compound;hsa04730;MAPK1/HRAS/NOS1;2
2;HRAS;hsa:3265 hsa:3845 hsa:4893;CALML6;hsa:163688 hsa:51806 hsa:801 hsa:805 hsa:808 hsa:810 hsa:91860;https://www.kegg.jp/dbget-bin/www_bget?hsa:163688+hsa:51806+hsa:801+hsa:805+hsa:808+hsa:810+hsa:91860;PPrel§§PPrel;activation§§activation;hsa04720§§hsa05034;MAPK1/HRAS/CALML6;4
2;HRAS;hsa:3265 hsa:3845 hsa:4893;KIT;hsa:3815;https://www.kegg.jp/dbget-bin/www_bget?hsa:3815;PPrel;activation;hsa04916;MAPK1/HRAS/KIT;2
2;HRAS;hsa:3265 hsa:3845 hsa:4893;EGFR;hsa:1956 hsa:2064 hsa:2260 hsa:2261 hsa:2263 hsa:2322 hsa:3480 hsa:3815 hsa:4233 hsa:4914 hsa:4916 hsa:5156 hsa:5159 hsa:5979;https://www.kegg.jp/dbget-bin/www_bget?hsa:1956+hsa:2064+hsa:2260+hsa:2261+hsa:2263+hsa:2322+hsa:3480+hsa:3815+hsa:4233+hsa:4914+hsa:4916+hsa:5156+hsa:5159+hsa:5979;PPrel§§PPrel§§PPrel;activation//indirect effect§§activation§§activation;hsa05230§§hsa05218§§hsa05235;MAPK1/HRAS/EGFR;6
2;HRAS;hsa:3265 hsa:3845 hsa:4893;NF1;hsa:4763;https://www.kegg.jp/dbget-bin/www_bget?hsa:4763;PPrel;inhibition//missing interaction;hsa01521;MAPK1/HRAS/NF1;2
2;HRAS;hsa:3265 hsa:3845 hsa:4893;TFG;hsa:10342 hsa:4914 hsa:7170 hsa:7175;https://www.kegg.jp/dbget-bin/www_bget?hsa:10342+hsa:4914+hsa:7170+hsa:7175;PPrel§§PPrel;indirect effect§§indirect effect;hsa05200§§hsa05216;MAPK1/HRAS/TFG;4
2;HRAS;hsa:3265 hsa:3845 hsa:4893;PRKCA;hsa:5578 hsa:5579 hsa:5582;https://www.kegg.jp/dbget-bin/www_bget?hsa:5578+hsa:5579+hsa:5582;PPrel§§PPrel§§PPrel§§PPrel§§PPrel;indirect effect§§activation§§activation//indirect effect§§activation//indirect effect§§None;hsa05200§§hsa04926§§hsa05214§§hsa05214§§hsa04929;MAPK1/HRAS/PRKCA;10
2;HRAS;hsa:3265 hsa:3845 hsa:4893;CAMK2A;hsa:815 hsa:816 hsa:817 hsa:818;https://www.kegg.jp/dbget-bin/www_bget?hsa:815+hsa:816+hsa:817+hsa:818;PPrel;activation//indirect effect;hsa05200;MAPK1/HRAS/CAMK2A;2
2;HRAS;hsa:3265 hsa:3845 hsa:4893;ICAM1;hsa:3383;http://www.kegg.jp/dbget-bin/www_bget?hsa:3383;PPrel;activation;hsa05166;MAPK1/HRAS/ICAM1;2
2;HRAS;hsa:3265 hsa:3845 hsa:4893;FDPS;hsa:2224;http://www.kegg.jp/dbget-bin/www_bget?hsa:2224;PPrel;activation//indirect effect;hsa05166;MAPK1/HRAS/FDPS;2
2;HRAS;hsa:3265 hsa:3845 hsa:4893;FGFR1;hsa:2260 hsa:2261 hsa:2263 hsa:2264;https://www.kegg.jp/dbget-bin/www_bget?hsa:2260+hsa:2261+hsa:2263+hsa:2264;PPrel;activation;hsa04550;MAPK1/HRAS/FGFR1;2
2;HRAS;hsa:3265 hsa:3845 hsa:4893;IGF1R;hsa:3480;https://www.kegg.jp/dbget-bin/www_bget?hsa:3480;PPrel§§PPrel;activation§§activation;hsa04213§§hsa04211;MAPK1/HRAS/IGF1R;4
2;DUSP9;hsa:1852;SMAD1;hsa:4086 hsa:4090 hsa:4093;http://www.kegg.jp/dbget-bin/www_bget?hsa:4086+hsa:4090+hsa:4093;GErel;expression;hsa04550;MAPK1/DUSP9/SMAD1;1
2;BMPR1A;hsa:657 hsa:658 hsa:659 hsa:90;BMP4;hsa:652;https://www.kegg.jp/dbget-bin/www_bget?hsa:652;PPrel§§PPrel;activation§§activation;hsa04550§§hsa04550;MAPK1/BMPR1A/BMP4;2
